LP	Substancja	EAN	Nazwa	Postać	Dawka	Zawartość	Wskazania	Odpłatność	Dopłata
1	Acidum levofolinicum	05909990648818	Levofolic	roztwór do wstrzykiwań i infuzji	50 mg/ml	1 fiol.po 4 ml	stosowane w ramach chemioterapii w całym zakresie zarejestrowanych wskazań i przeznaczeń oraz we wskazaniu określonym stanem klinicznym	bezpłatny	0
2	Acidum levofolinicum	05909990648825	Levofolic	roztwór do wstrzykiwań i infuzji	50 mg/ml	1 fiol.po 9 ml	stosowane w ramach chemioterapii w całym zakresie zarejestrowanych wskazań i przeznaczeń oraz we wskazaniu określonym stanem klinicznym	bezpłatny	0
3	Acidum zoledronicum	05909991009250	Desinobon	koncentrat do sporządzania roztworu do infuzji	4 mg/5 ml	1 fiol.po 5 ml	stosowane w ramach chemioterapii w całym zakresie zarejestrowanych wskazań i przeznaczeń oraz we wskazaniu określonym stanem klinicznym	bezpłatny	0
5	Acidum zoledronicum	05909991078577	Fayton	roztwór do infuzji	4 mg/100 ml	1 fiol.po 100 ml	stosowane w ramach chemioterapii w całym zakresie zarejestrowanych wskazań i przeznaczeń oraz we wskazaniu określonym stanem klinicznym	bezpłatny	0
4	Acidum zoledronicum	05909991016197	Fayton	koncentrat do sporządzania roztworu do infuzji	4 mg/5 ml	1 fiol.po 5 ml	stosowane w ramach chemioterapii w całym zakresie zarejestrowanych wskazań i przeznaczeń oraz we wskazaniu określonym stanem klinicznym	bezpłatny	0
6	Acidum zoledronicum	05909991228392	Osporil	roztwór do infuzji	4 mg/100 ml	1 fiol.po 100 ml	stosowane w ramach chemioterapii w całym zakresie zarejestrowanych wskazań i przeznaczeń oraz we wskazaniu określonym stanem klinicznym	bezpłatny	0
7	Acidum zoledronicum	05055565711958	Zoledronic acid Accord	koncentrat do sporządzania roztworu do infuzji	4 mg/5 ml	1 fiol.	stosowane w ramach chemioterapii w całym zakresie zarejestrowanych wskazań i przeznaczeń oraz we wskazaniu określonym stanem klinicznym	bezpłatny	0
8	Acidum zoledronicum	05909990948994	Zomikos	koncentrat do sporządzania roztworu do infuzji	4 mg/5 ml	1 fiol.po 5 ml	stosowane w ramach chemioterapii w całym zakresie zarejestrowanych wskazań i przeznaczeń oraz we wskazaniu określonym stanem klinicznym	bezpłatny	0
9	Anagrelidum	05909991386436	Anagrelid Aurovitas	kapsułki twarde	0,5 mg	100 szt.	stosowane w ramach chemioterapii w całym zakresie zarejestrowanych wskazań i przeznaczeń oraz we wskazaniu określonym stanem klinicznym	bezpłatny	0
10	Anagrelidum	05909991359850	Anagrelide Accord	kapsułki twarde	0,5 mg	100 szt.	stosowane w ramach chemioterapii w całym zakresie zarejestrowanych wskazań i przeznaczeń oraz we wskazaniu określonym stanem klinicznym	bezpłatny	0
11	Anagrelidum	05909991359867	Anagrelide Accord	kapsułki twarde	1 mg	100 szt.	stosowane w ramach chemioterapii w całym zakresie zarejestrowanych wskazań i przeznaczeń oraz we wskazaniu określonym stanem klinicznym	bezpłatny	0
12	Anagrelidum	05909991362157	Anagrelide Bioton	kapsułki twarde	0,5 mg	100 kaps.	stosowane w ramach chemioterapii w całym zakresie zarejestrowanych wskazań i przeznaczeń oraz we wskazaniu określonym stanem klinicznym	bezpłatny	0
13	Anagrelidum	05902020241652	Anagrelide Glenmark	kapsułki twarde	0,5 mg	100 szt.	stosowane w ramach chemioterapii w całym zakresie zarejestrowanych wskazań i przeznaczeń oraz we wskazaniu określonym stanem klinicznym	bezpłatny	0
14	Anagrelidum	05901797710033	Anagrelide Mylan	kapsułki twarde	0,5 mg	100 kaps.	stosowane w ramach chemioterapii w całym zakresie zarejestrowanych wskazań i przeznaczeń oraz we wskazaniu określonym stanem klinicznym	bezpłatny	0
15	Anagrelidum	05909991362140	Anagrelide Ranbaxy	kapsułki twarde	0,5 mg	100 kaps.	stosowane w ramach chemioterapii w całym zakresie zarejestrowanych wskazań i przeznaczeń oraz we wskazaniu określonym stanem klinicznym	bezpłatny	0
16	Anagrelidum	05907626708394	Anagrelide Sandoz	kapsułki twarde	0,5 mg	100 kaps.	stosowane w ramach chemioterapii w całym zakresie zarejestrowanych wskazań i przeznaczeń oraz we wskazaniu określonym stanem klinicznym	bezpłatny	0
17	Anagrelidum	05909991355135	Anagrelide Stada	kapsułki twarde	0,5 mg	100 kaps.	stosowane w ramach chemioterapii w całym zakresie zarejestrowanych wskazań i przeznaczeń oraz we wskazaniu określonym stanem klinicznym	bezpłatny	0
18	Anagrelidum	05909991354480	Anagrelide Vipharm	kapsułki twarde	0,5 mg	100 kaps.	stosowane w ramach chemioterapii w całym zakresie zarejestrowanych wskazań i przeznaczeń oraz we wskazaniu określonym stanem klinicznym	bezpłatny	0
19	Anagrelidum	05909991354503	Anagrelide Vipharm	kapsułki twarde	1 mg	100 kaps.	stosowane w ramach chemioterapii w całym zakresie zarejestrowanych wskazań i przeznaczeń oraz we wskazaniu określonym stanem klinicznym	bezpłatny	0
20	Anagrelidum	05909991356118	Anagrelide Zentiva	kapsułki twarde	0,5 mg	100 kaps.	stosowane w ramach chemioterapii w całym zakresie zarejestrowanych wskazań i przeznaczeń oraz we wskazaniu określonym stanem klinicznym	bezpłatny	0
21	Anagrelidum	05909991354053	Grenalvon	kapsułki twarde	0,5 mg	100 kaps.	stosowane w ramach chemioterapii w całym zakresie zarejestrowanych wskazań i przeznaczeń oraz we wskazaniu określonym stanem klinicznym	bezpłatny	0
22	Anagrelidum	05909991354077	Grenalvon	kapsułki twarde	1 mg	100 kaps.	stosowane w ramach chemioterapii w całym zakresie zarejestrowanych wskazań i przeznaczeń oraz we wskazaniu określonym stanem klinicznym	bezpłatny	0
23	Anagrelidum	05909990670154	Thromboreductin	kapsułki	0,5 mg	100 szt.	stosowane w ramach chemioterapii w całym zakresie zarejestrowanych wskazań i przeznaczeń oraz we wskazaniu określonym stanem klinicznym	bezpłatny	0
24	Aprepitantum	05909991400576	Aprepitant Accord	kapsułki twarde	"125 mg; 80 mg"	3 kaps. (1 kaps. 125 mg + 2 kaps. 80 mg)	stosowane w ramach chemioterapii w całym zakresie zarejestrowanych wskazań i przeznaczeń oraz we wskazaniu określonym stanem klinicznym	bezpłatny	0
25	Aprepitantum	05909991352547	Aprepitant Mylan	kapsułki twarde	"125 mg; 80 mg"	3 kaps. (1 kaps. 125 mg + 2 kaps. 80 mg)	stosowane w ramach chemioterapii w całym zakresie zarejestrowanych wskazań i przeznaczeń oraz we wskazaniu określonym stanem klinicznym	bezpłatny	0
26	Aprepitantum	05909991360818	Aprepitant Sandoz	kapsułki twarde	"125 mg; 80 mg"	3 kaps. (1 kaps. 125 mg + 2 kaps. 80 mg)	stosowane w ramach chemioterapii w całym zakresie zarejestrowanych wskazań i przeznaczeń oraz we wskazaniu określonym stanem klinicznym	bezpłatny	0
27	Aprepitantum	05909991383169	Aprepitant Teva	kapsułki twarde	"125 mg; 80 mg"	3 kaps. (1 kaps. 125 mg + 2 kaps. 80 mg)	stosowane w ramach chemioterapii w całym zakresie zarejestrowanych wskazań i przeznaczeń oraz we wskazaniu określonym stanem klinicznym	bezpłatny	0
28	Aprepitantum	05909990007387	Emend	kapsułki twarde	"125 mg; 80 mg"	3 kaps. (1 kaps. 125 mg + 2 kaps. 80 mg)	stosowane w ramach chemioterapii w całym zakresie zarejestrowanych wskazań i przeznaczeń oraz we wskazaniu określonym stanem klinicznym	bezpłatny	0
29	Arsenicum trioxidum	05909990016433	Trisenox	koncentrat do sporządzania roztworu do infuzji	1 mg/ml	10 amp.po 10 ml	stosowane w ramach chemioterapii w całym zakresie zarejestrowanych wskazań i przeznaczeń oraz we wskazaniu określonym stanem klinicznym	bezpłatny	0
30	Arsenii trioxidum	05055565763643	Arsenic trioxide Accord	koncentrat do sporządzania roztworu do infuzji	1 mg/ml	10 fiolek	stosowane w ramach chemioterapii w całym zakresie zarejestrowanych wskazań i przeznaczeń oraz we wskazaniu określonym stanem klinicznym	bezpłatny	0
31	Azacitidinum	05055565758359	Azacitidine Accord	proszek do sporządzania zawiesiny do wstrzykiwań	25 mg/ml	1 fiol. a 100 mg	stosowane w ramach chemioterapii w całym zakresie zarejestrowanych wskazań i przeznaczeń oraz we wskazaniu określonym stanem klinicznym	bezpłatny	0
32	Azacitidinum	05909990682706	Vidaza	proszek do sporządzania zawiesiny do wstrzykiwań	25 mg/ml	1 fiol. a 100 mg	stosowane w ramach chemioterapii w całym zakresie zarejestrowanych wskazań i przeznaczeń oraz we wskazaniu określonym stanem klinicznym	bezpłatny	0
34	Bendamustini hydrochloridum	05902020241508	Bendamustine Glenmark	proszek do sporządzania koncentratu roztworu do infuzji	2,5 mg/ml	5 fiol. (100 mg)	stosowane w ramach chemioterapii w całym zakresie zarejestrowanych wskazań i przeznaczeń oraz we wskazaniu określonym stanem klinicznym	bezpłatny	0
33	Bendamustini hydrochloridum	05902020241492	Bendamustine Glenmark	proszek do sporządzania koncentratu roztworu do infuzji	2,5 mg/ml	5 fiol. (25 mg)	stosowane w ramach chemioterapii w całym zakresie zarejestrowanych wskazań i przeznaczeń oraz we wskazaniu określonym stanem klinicznym	bezpłatny	0
36	Bendamustinum hydrochloridum	05909991198183	Bendamustine Accord	proszek do sporządzania koncentratu roztworu do infuzji	2,5 mg/ml	5 fiol.po 100 mg	stosowane w ramach chemioterapii w całym zakresie zarejestrowanych wskazań i przeznaczeń oraz we wskazaniu określonym stanem klinicznym	bezpłatny	0
35	Bendamustinum hydrochloridum	05909991198145	Bendamustine Accord	proszek do sporządzania koncentratu roztworu do infuzji	2,5 mg/ml	5 fiol.po 25 mg	stosowane w ramach chemioterapii w całym zakresie zarejestrowanych wskazań i przeznaczeń oraz we wskazaniu określonym stanem klinicznym	bezpłatny	0
38	Bendamustinum hydrochloridum	05909991242022	Bendamustine STADA	proszek do sporządzania koncentratu roztworu do infuzji	2,5 mg/ml	5 fiol.po 100 mg	stosowane w ramach chemioterapii w całym zakresie zarejestrowanych wskazań i przeznaczeń oraz we wskazaniu określonym stanem klinicznym	bezpłatny	0
37	Bendamustinum hydrochloridum	05909991242039	Bendamustine STADA	proszek do sporządzania koncentratu roztworu do infuzji	2,5 mg/ml	5 fiol.po 25 mg	stosowane w ramach chemioterapii w całym zakresie zarejestrowanych wskazań i przeznaczeń oraz we wskazaniu określonym stanem klinicznym	bezpłatny	0
40	Bendamustinum hydrochloridum	05909991267285	Bendamustine Zentiva	proszek do sporządzania koncentratu roztworu do infuzji	2,5 mg/ml	5 fiol.po 100 mg	stosowane w ramach chemioterapii w całym zakresie zarejestrowanych wskazań i przeznaczeń oraz we wskazaniu określonym stanem klinicznym	bezpłatny	0
39	Bendamustinum hydrochloridum	05909991267292	Bendamustine Zentiva	proszek do sporządzania koncentratu roztworu do infuzji	2,5 mg/ml	5 fiol.po 25 mg	stosowane w ramach chemioterapii w całym zakresie zarejestrowanych wskazań i przeznaczeń oraz we wskazaniu określonym stanem klinicznym	bezpłatny	0
41	Bicalutamidum	05909990851188	Bicalutamide Accord	tabletki powlekane	50 mg	28 szt.	stosowane w ramach chemioterapii w całym zakresie zarejestrowanych wskazań i przeznaczeń oraz we wskazaniu określonym stanem klinicznym	bezpłatny	0
42	Bicalutamidum	05909990052981	Bicalutamide Polpharma 50 mg	tabletki powlekane	50 mg	28 szt. (4 blist.po 7 szt.)	stosowane w ramach chemioterapii w całym zakresie zarejestrowanych wskazań i przeznaczeń oraz we wskazaniu określonym stanem klinicznym	bezpłatny	0
43	Bicalutamidum	05909990697427	Binabic	tabletki powlekane	150 mg	28 szt.	stosowane w ramach chemioterapii w całym zakresie zarejestrowanych wskazań i przeznaczeń oraz we wskazaniu określonym stanem klinicznym	bezpłatny	0
44	Bicalutamidum	05909990696963	Binabic	tabletki powlekane	50 mg	28 szt.	stosowane w ramach chemioterapii w całym zakresie zarejestrowanych wskazań i przeznaczeń oraz we wskazaniu określonym stanem klinicznym	bezpłatny	0
45	Bleomycini sulphas	05909990946983	Bleomedac	proszek do sporządzania roztworu do wstrzykiwań	15000 IU/fiolkę	1 fiol.po 10 ml	stosowane w ramach chemioterapii w całym zakresie zarejestrowanych wskazań i przeznaczeń oraz we wskazaniu określonym stanem klinicznym	bezpłatny	0
46	Bortezomibum	05055565749142	Bortezomib Accord	proszek do sporządzania roztworu do wstrzykiwań	1 mg	1 fiol. 6 ml	stosowane w ramach chemioterapii w całym zakresie zarejestrowanych wskazań i przeznaczeń oraz we wskazaniu określonym stanem klinicznym	bezpłatny	0
47	Bortezomibum	05055565718339	Bortezomib Accord	proszek do sporządzania roztworu do wstrzykiwań	3,5 mg	1 fiol.	stosowane w ramach chemioterapii w całym zakresie zarejestrowanych wskazań i przeznaczeń oraz we wskazaniu określonym stanem klinicznym	bezpłatny	0
48	Bortezomibum	05906414000771	Bortezomib Adamed	proszek do sporządzania roztworu do wstrzykiwań	1 mg	1 fiol.	stosowane w ramach chemioterapii w całym zakresie zarejestrowanych wskazań i przeznaczeń oraz we wskazaniu określonym stanem klinicznym	bezpłatny	0
49	Bortezomibum	05900411003193	Bortezomib Adamed	proszek do sporządzania roztworu do wstrzykiwań	2,5 mg	1 fiol.	stosowane w ramach chemioterapii w całym zakresie zarejestrowanych wskazań i przeznaczeń oraz we wskazaniu określonym stanem klinicznym	bezpłatny	0
50	Bortezomibum	05906414000788	Bortezomib Adamed	proszek do sporządzania roztworu do wstrzykiwań	3,5 mg	1 fiol.	stosowane w ramach chemioterapii w całym zakresie zarejestrowanych wskazań i przeznaczeń oraz we wskazaniu określonym stanem klinicznym	bezpłatny	0
51	Bortezomibum	05902020241461	Bortezomib Glenmark	proszek do sporządzania roztworu do wstrzykiwań	1 mg	1 fiol.	stosowane w ramach chemioterapii w całym zakresie zarejestrowanych wskazań i przeznaczeń oraz we wskazaniu określonym stanem klinicznym	bezpłatny	0
52	Bortezomibum	05902020241478	Bortezomib Glenmark	proszek do sporządzania roztworu do wstrzykiwań	3,5 mg	1 fiol.	stosowane w ramach chemioterapii w całym zakresie zarejestrowanych wskazań i przeznaczeń oraz we wskazaniu określonym stanem klinicznym	bezpłatny	0
53	Bortezomibum	05909991382124	Bortezomib medac	proszek do sporządzania roztworu do wstrzykiwań	1 mg	1 fiol.	stosowane w ramach chemioterapii w całym zakresie zarejestrowanych wskazań i przeznaczeń oraz we wskazaniu określonym stanem klinicznym	bezpłatny	0
54	Bortezomibum	05909991382131	Bortezomib medac	proszek do sporządzania roztworu do wstrzykiwań	3,5 mg	1 fiol.	stosowane w ramach chemioterapii w całym zakresie zarejestrowanych wskazań i przeznaczeń oraz we wskazaniu określonym stanem klinicznym	bezpłatny	0
55	Bortezomibum	05909991351762	Bortezomib SUN	proszek do sporządzania roztworu do wstrzykiwań	3,5 mg	1 fiol.	stosowane w ramach chemioterapii w całym zakresie zarejestrowanych wskazań i przeznaczeń oraz we wskazaniu określonym stanem klinicznym	bezpłatny	0
56	Bortezomibum	05909991250829	Bortezomib Zentiva	proszek do sporządzania roztworu do wstrzykiwań	1 mg	1 fiol. proszku	stosowane w ramach chemioterapii w całym zakresie zarejestrowanych wskazań i przeznaczeń oraz we wskazaniu określonym stanem klinicznym	bezpłatny	0
57	Bortezomibum	05909991250812	Bortezomib Zentiva	proszek do sporządzania roztworu do wstrzykiwań	3,5 mg	1 fiol. proszku	stosowane w ramach chemioterapii w całym zakresie zarejestrowanych wskazań i przeznaczeń oraz we wskazaniu określonym stanem klinicznym	bezpłatny	0
58	Busulfanum	05909990277926	Myleran	tabletki powlekane	2 mg	100 szt.	stosowane w ramach chemioterapii w całym zakresie zarejestrowanych wskazań i przeznaczeń oraz we wskazaniu określonym stanem klinicznym	bezpłatny	0
64	Calcii folinas	05907626707564	Calcium folinate Sandoz	roztwór do wstrzykiwań i infuzji	10 mg/ml	1 fiol. 10 ml	stosowane w ramach chemioterapii w całym zakresie zarejestrowanych wskazań i przeznaczeń oraz we wskazaniu określonym stanem klinicznym	bezpłatny	0
62	Calcii folinas	05907626707601	Calcium folinate Sandoz	roztwór do wstrzykiwań i infuzji	10 mg/ml	1 fiol. 100 ml	stosowane w ramach chemioterapii w całym zakresie zarejestrowanych wskazań i przeznaczeń oraz we wskazaniu określonym stanem klinicznym	bezpłatny	0
60	Calcii folinas	05907626707571	Calcium folinate Sandoz	roztwór do wstrzykiwań i infuzji	10 mg/ml	1 fiol. 20 ml	stosowane w ramach chemioterapii w całym zakresie zarejestrowanych wskazań i przeznaczeń oraz we wskazaniu określonym stanem klinicznym	bezpłatny	0
59	Calcii folinas	05907626707588	Calcium folinate Sandoz	roztwór do wstrzykiwań i infuzji	10 mg/ml	1 fiol. 35 ml	stosowane w ramach chemioterapii w całym zakresie zarejestrowanych wskazań i przeznaczeń oraz we wskazaniu określonym stanem klinicznym	bezpłatny	0
63	Calcii folinas	05907626707540	Calcium folinate Sandoz	roztwór do wstrzykiwań i infuzji	10 mg/ml	1 fiol. 5 ml	stosowane w ramach chemioterapii w całym zakresie zarejestrowanych wskazań i przeznaczeń oraz we wskazaniu określonym stanem klinicznym	bezpłatny	0
61	Calcii folinas	05907626707595	Calcium folinate Sandoz	roztwór do wstrzykiwań i infuzji	10 mg/ml	1 fiol. 50 ml	stosowane w ramach chemioterapii w całym zakresie zarejestrowanych wskazań i przeznaczeń oraz we wskazaniu określonym stanem klinicznym	bezpłatny	0
65	Calcii folinas	05909990356713	Calciumfolinat-Ebewe	kapsułki twarde	15 mg	20 szt.	stosowane w ramach chemioterapii w całym zakresie zarejestrowanych wskazań i przeznaczeń oraz we wskazaniu określonym stanem klinicznym	bezpłatny	0
66	Capecitabinum	05055565707531	Capecitabine Accord	tabletki powlekane	150 mg	60 szt.	stosowane w ramach chemioterapii w całym zakresie zarejestrowanych wskazań i przeznaczeń oraz we wskazaniu określonym stanem klinicznym	bezpłatny	0
67	Capecitabinum	05055565709153	Capecitabine Accord	tabletki powlekane	300 mg	60 szt.	stosowane w ramach chemioterapii w całym zakresie zarejestrowanych wskazań i przeznaczeń oraz we wskazaniu określonym stanem klinicznym	bezpłatny	0
68	Capecitabinum	05055565707548	Capecitabine Accord	tabletki powlekane	500 mg	120 szt.	stosowane w ramach chemioterapii w całym zakresie zarejestrowanych wskazań i przeznaczeń oraz we wskazaniu określonym stanem klinicznym	bezpłatny	0
69	Capecitabinum	05909991004736	Capecitabine Glenmark	tabletki powlekane	150 mg	60 szt.	stosowane w ramach chemioterapii w całym zakresie zarejestrowanych wskazań i przeznaczeń oraz we wskazaniu określonym stanem klinicznym	bezpłatny	0
70	Capecitabinum	05909991004699	Capecitabine Glenmark	tabletki powlekane	500 mg	120 szt.	stosowane w ramach chemioterapii w całym zakresie zarejestrowanych wskazań i przeznaczeń oraz we wskazaniu określonym stanem klinicznym	bezpłatny	0
71	Capecitabinum	05909991011079	Ecansya	tabletki powlekane	150 mg	60 tabl.	stosowane w ramach chemioterapii w całym zakresie zarejestrowanych wskazań i przeznaczeń oraz we wskazaniu określonym stanem klinicznym	bezpłatny	0
72	Capecitabinum	05909991011239	Ecansya	tabletki powlekane	500 mg	120 tabl.	stosowane w ramach chemioterapii w całym zakresie zarejestrowanych wskazań i przeznaczeń oraz we wskazaniu określonym stanem klinicznym	bezpłatny	0
73	Capecitabinum	05909990893515	Xeloda	tabletki powlekane	500 mg	120 szt.	stosowane w ramach chemioterapii w całym zakresie zarejestrowanych wskazań i przeznaczeń oraz we wskazaniu określonym stanem klinicznym	bezpłatny	0
75	Carboplatinum	05909990816194	Carbomedac	koncentrat do sporządzania roztworu do infuzji	10 mg/ml	1 fiol. po 100 ml	stosowane w ramach chemioterapii w całym zakresie zarejestrowanych wskazań i przeznaczeń oraz we wskazaniu określonym stanem klinicznym	bezpłatny	0
77	Carboplatinum	05909990816163	Carbomedac	koncentrat do sporządzania roztworu do infuzji	10 mg/ml	1 fiol. po 15 ml	stosowane w ramach chemioterapii w całym zakresie zarejestrowanych wskazań i przeznaczeń oraz we wskazaniu określonym stanem klinicznym	bezpłatny	0
78	Carboplatinum	05909990816170	Carbomedac	koncentrat do sporządzania roztworu do infuzji	10 mg/ml	1 fiol. po 45 ml	stosowane w ramach chemioterapii w całym zakresie zarejestrowanych wskazań i przeznaczeń oraz we wskazaniu określonym stanem klinicznym	bezpłatny	0
76	Carboplatinum	05909990816156	Carbomedac	koncentrat do sporządzania roztworu do infuzji	10 mg/ml	1 fiol. po 5 ml	stosowane w ramach chemioterapii w całym zakresie zarejestrowanych wskazań i przeznaczeń oraz we wskazaniu określonym stanem klinicznym	bezpłatny	0
74	Carboplatinum	05909990816187	Carbomedac	koncentrat do sporządzania roztworu do infuzji	10 mg/ml	1 fiol. po 60 ml	stosowane w ramach chemioterapii w całym zakresie zarejestrowanych wskazań i przeznaczeń oraz we wskazaniu określonym stanem klinicznym	bezpłatny	0
79	Carboplatinum	05909990450015	Carboplatin - Ebewe	koncentrat do sporządzania roztworu do infuzji	10 mg/ml	1 fiol. 5 ml	stosowane w ramach chemioterapii w całym zakresie zarejestrowanych wskazań i przeznaczeń oraz we wskazaniu określonym stanem klinicznym	bezpłatny	0
81	Carboplatinum	05909990450022	Carboplatin - Ebewe	koncentrat do sporządzania roztworu do infuzji	10 mg/ml	1 fiol.po 15 ml	stosowane w ramach chemioterapii w całym zakresie zarejestrowanych wskazań i przeznaczeń oraz we wskazaniu określonym stanem klinicznym	bezpłatny	0
82	Carboplatinum	05909990450039	Carboplatin - Ebewe	koncentrat do sporządzania roztworu do infuzji	10 mg/ml	1 fiol.po 45 ml	stosowane w ramach chemioterapii w całym zakresie zarejestrowanych wskazań i przeznaczeń oraz we wskazaniu określonym stanem klinicznym	bezpłatny	0
80	Carboplatinum	05909990662753	Carboplatin - Ebewe	koncentrat do sporządzania roztworu do infuzji	10 mg/ml	1 fiol.po 60 ml	stosowane w ramach chemioterapii w całym zakresie zarejestrowanych wskazań i przeznaczeń oraz we wskazaniu określonym stanem klinicznym	bezpłatny	0
83	Carboplatinum	05909990776733	Carboplatin Accord	koncentrat do sporządzania roztworu do infuzji	10 mg/ml	1 fiol. a 15 ml	stosowane w ramach chemioterapii w całym zakresie zarejestrowanych wskazań i przeznaczeń oraz we wskazaniu określonym stanem klinicznym	bezpłatny	0
84	Carboplatinum	05909990776740	Carboplatin Accord	koncentrat do sporządzania roztworu do infuzji	10 mg/ml	1 fiol. a 45 ml	stosowane w ramach chemioterapii w całym zakresie zarejestrowanych wskazań i przeznaczeń oraz we wskazaniu określonym stanem klinicznym	bezpłatny	0
85	Carboplatinum	05909990776726	Carboplatin Accord	koncentrat do sporządzania roztworu do infuzji	10 mg/ml	1 fiol.po 5 ml	stosowane w ramach chemioterapii w całym zakresie zarejestrowanych wskazań i przeznaczeń oraz we wskazaniu określonym stanem klinicznym	bezpłatny	0
86	Carboplatinum	05909990851058	Carboplatin Accord	koncentrat do sporządzania roztworu do infuzji	10 mg/ml	1 fiol.po 60 ml	stosowane w ramach chemioterapii w całym zakresie zarejestrowanych wskazań i przeznaczeń oraz we wskazaniu określonym stanem klinicznym	bezpłatny	0
88	Carboplatinum	05909990477425	Carboplatin Pfizer	roztwór do wstrzykiwań	10 mg/ml	1 fiol.po 15 ml	stosowane w ramach chemioterapii w całym zakresie zarejestrowanych wskazań i przeznaczeń oraz we wskazaniu określonym stanem klinicznym	bezpłatny	0
89	Carboplatinum	05909990477432	Carboplatin Pfizer	roztwór do wstrzykiwań	10 mg/ml	1 fiol.po 45 ml	stosowane w ramach chemioterapii w całym zakresie zarejestrowanych wskazań i przeznaczeń oraz we wskazaniu określonym stanem klinicznym	bezpłatny	0
87	Carboplatinum	05909990477418	Carboplatin Pfizer	roztwór do wstrzykiwań	10 mg/ml	1 fiol.po 5 ml	stosowane w ramach chemioterapii w całym zakresie zarejestrowanych wskazań i przeznaczeń oraz we wskazaniu określonym stanem klinicznym	bezpłatny	0
90	Chlorambucilum	05909990345618	Leukeran	tabletki powlekane	2 mg	25 szt.	stosowane w ramach chemioterapii w całym zakresie zarejestrowanych wskazań i przeznaczeń oraz we wskazaniu określonym stanem klinicznym	bezpłatny	0
91	Ciclosporinum	05909990119813	Sandimmun 	koncentrat do sporządzania roztworu do infuzji	50 mg/ml	10 amp. po 1 ml	stosowane w ramach chemioterapii w całym zakresie zarejestrowanych wskazań i przeznaczeń oraz we wskazaniu określonym stanem klinicznym	bezpłatny	0
92	Cisplatinum	05909990958535	Cisplatin-Ebewe	koncentrat do sporządzania roztworu do infuzji	1 mg/ml	1 fiol.a 100 ml	stosowane w ramach chemioterapii w całym zakresie zarejestrowanych wskazań i przeznaczeń oraz we wskazaniu określonym stanem klinicznym	bezpłatny	0
93	Cisplatinum	05909990958481	Cisplatin-Ebewe	koncentrat do sporządzania roztworu do infuzji	1 mg/ml	1 fiol.po 10 ml	stosowane w ramach chemioterapii w całym zakresie zarejestrowanych wskazań i przeznaczeń oraz we wskazaniu określonym stanem klinicznym	bezpłatny	0
94	Cisplatinum	05909990958504	Cisplatin-Ebewe	koncentrat do sporządzania roztworu do infuzji	1 mg/ml	1 fiol.po 50 ml	stosowane w ramach chemioterapii w całym zakresie zarejestrowanych wskazań i przeznaczeń oraz we wskazaniu określonym stanem klinicznym	bezpłatny	0
95	Cisplatinum	05909990838745	Cisplatinum Accord	koncentrat do sporządzania roztworu do infuzji	1 mg/ml	1 fiol. a 10 ml	stosowane w ramach chemioterapii w całym zakresie zarejestrowanych wskazań i przeznaczeń oraz we wskazaniu określonym stanem klinicznym	bezpłatny	0
97	Cisplatinum	05909990894772	Cisplatinum Accord	koncentrat do sporządzania roztworu do infuzji	1 mg/ml	1 fiol. a 100 ml	stosowane w ramach chemioterapii w całym zakresie zarejestrowanych wskazań i przeznaczeń oraz we wskazaniu określonym stanem klinicznym	bezpłatny	0
96	Cisplatinum	05909990838769	Cisplatinum Accord	koncentrat do sporządzania roztworu do infuzji	1 mg/ml	1 fiol. a 50 ml	stosowane w ramach chemioterapii w całym zakresie zarejestrowanych wskazań i przeznaczeń oraz we wskazaniu określonym stanem klinicznym	bezpłatny	0
98	Cladribinum	05909990713417	Biodribin	roztwór do infuzji	10 mg	1 fiol.po 10 ml	stosowane w ramach chemioterapii w całym zakresie zarejestrowanych wskazań i przeznaczeń oraz we wskazaniu określonym stanem klinicznym	bezpłatny	0
99	Clofarabinum	05909991385569	Clofarabine Norameda	koncentrat do sporządzania roztworu do infuzji	1 mg/ml	1 fiol.po 20 ml	stosowane w ramach chemioterapii w całym zakresie zarejestrowanych wskazań i przeznaczeń oraz we wskazaniu określonym stanem klinicznym	bezpłatny	0
100	Clofarabinum	05909990710997	Evoltra	koncentrat do sporządzania roztworu do infuzji	1 mg/ml	1 fiol.po 20 ml	stosowane w ramach chemioterapii w całym zakresie zarejestrowanych wskazań i przeznaczeń oraz we wskazaniu określonym stanem klinicznym	bezpłatny	0
101	Crisantaspasum	05060146290302	Erwinase	proszek do sporządzania roztworu do wstrzykiwań	10000 j.m./fiolkę	5 fiol.	stosowane w ramach chemioterapii w całym zakresie zarejestrowanych wskazań i przeznaczeń oraz we wskazaniu określonym stanem klinicznym	bezpłatny	0
102	Cyclophosphamidum	05909990241019	Endoxan	proszek do sporządzenia roztworu do wstrzykiwań	1 g	1 fiol.po 75 ml	stosowane w ramach chemioterapii w całym zakresie zarejestrowanych wskazań i przeznaczeń oraz we wskazaniu określonym stanem klinicznym	bezpłatny	0
103	Cyclophosphamidum	05909990240913	Endoxan	proszek do sporządzenia roztworu do wstrzykiwań	200 mg	1 fiol.po 10 ml	stosowane w ramach chemioterapii w całym zakresie zarejestrowanych wskazań i przeznaczeń oraz we wskazaniu określonym stanem klinicznym	bezpłatny	0
104	Cyclophosphamidum	05909990240814	Endoxan	tabl. drażowane	50 mg	50 szt. (5 blist.po 10 szt.)	stosowane w ramach chemioterapii w całym zakresie zarejestrowanych wskazań i przeznaczeń oraz we wskazaniu określonym stanem klinicznym	bezpłatny	0
105	Cytarabinum	05909990640188	Alexan	roztwór do wstrzykiwań	20 mg/ml	1 fiol.po 5 ml	stosowane w ramach chemioterapii w całym zakresie zarejestrowanych wskazań i przeznaczeń oraz we wskazaniu określonym stanem klinicznym	bezpłatny	0
106	Cytarabinum	05909990181216	Alexan	roztwór do wstrzykiwań	50 mg/ml	1 fiol.po 10 ml	stosowane w ramach chemioterapii w całym zakresie zarejestrowanych wskazań i przeznaczeń oraz we wskazaniu określonym stanem klinicznym	bezpłatny	0
107	Cytarabinum	05909990181223	Alexan	roztwór do wstrzykiwań	50 mg/ml	1 fiol.po 20 ml	stosowane w ramach chemioterapii w całym zakresie zarejestrowanych wskazań i przeznaczeń oraz we wskazaniu określonym stanem klinicznym	bezpłatny	0
108	Cytarabinum	05909990624935	Alexan	roztwór do wstrzykiwań	50 mg/ml	1 fiol.po 40 ml	stosowane w ramach chemioterapii w całym zakresie zarejestrowanych wskazań i przeznaczeń oraz we wskazaniu określonym stanem klinicznym	bezpłatny	0
109	Cytarabinum	05909990314614	Cytosar	proszek do sporządzenia roztworu do wstrzykiwań	1 g	1 fiol. z prosz.	stosowane w ramach chemioterapii w całym zakresie zarejestrowanych wskazań i przeznaczeń oraz we wskazaniu określonym stanem klinicznym	bezpłatny	0
110	Cytarabinum	05909990154715	Cytosar	proszek i rozpuszczalnik do sporządzania roztworu do wstrzykiwań	100 mg	1 fiol.z prosz. + 1 amp.z rozp.	stosowane w ramach chemioterapii w całym zakresie zarejestrowanych wskazań i przeznaczeń oraz we wskazaniu określonym stanem klinicznym	bezpłatny	0
111	Cytarabinum	05909990314515	Cytosar	proszek i rozpuszczalnik do sporządzania roztworu do wstrzykiwań	500 mg	1 fiol. z prosz. (+ rozp.)	stosowane w ramach chemioterapii w całym zakresie zarejestrowanych wskazań i przeznaczeń oraz we wskazaniu określonym stanem klinicznym	bezpłatny	0
112	Dacarbazinum	05909991029500	Detimedac 100 mg	proszek do sporządzania roztworu do wstrzykiwań lub infuzji	100 mg	10 fiol.po 100 mg	stosowane w ramach chemioterapii w całym zakresie zarejestrowanych wskazań i przeznaczeń oraz we wskazaniu określonym stanem klinicznym	bezpłatny	0
113	Dacarbazinum	05909991029807	Detimedac 1000 mg	proszek do sporządzania roztworu do infuzji	1000 mg	1 fiol.po 1000 mg	stosowane w ramach chemioterapii w całym zakresie zarejestrowanych wskazań i przeznaczeń oraz we wskazaniu określonym stanem klinicznym	bezpłatny	0
114	Dacarbazinum	05909991029609	Detimedac 200 mg	proszek do sporządzania roztworu do wstrzykiwań lub infuzji	200 mg	10 fiol.po 200 mg	stosowane w ramach chemioterapii w całym zakresie zarejestrowanych wskazań i przeznaczeń oraz we wskazaniu określonym stanem klinicznym	bezpłatny	0
115	Dacarbazinum	05909991029708	Detimedac 500 mg	proszek do sporządzania roztworu do infuzji	500 mg	1 fiol.po 500 mg	stosowane w ramach chemioterapii w całym zakresie zarejestrowanych wskazań i przeznaczeń oraz we wskazaniu określonym stanem klinicznym	bezpłatny	0
117	Darbepoetinum alfa	05909990739035	Aranesp	roztwór do wstrzykiwań	500 μg/ml	1 amp.-strz.po 1 ml	stosowane w ramach chemioterapii w całym zakresie zarejestrowanych wskazań i przeznaczeń oraz we wskazaniu określonym stanem klinicznym	bezpłatny	0
116	Darbepoetinum alfa	05909990340330	Aranesp	roztwór do wstrzykiwań	500 μg/ml	1 wstrz.po 1 ml	stosowane w ramach chemioterapii w całym zakresie zarejestrowanych wskazań i przeznaczeń oraz we wskazaniu określonym stanem klinicznym	bezpłatny	0
118	Denosumabum	05909990881789	Xgeva	roztwór do wstrzykiwań	120 mg	1 fiol.po 1,7 ml	stosowane w ramach chemioterapii w całym zakresie zarejestrowanych wskazań i przeznaczeń oraz we wskazaniu określonym stanem klinicznym	bezpłatny	0
119	Dexamethasoni phosphas	05907464420755	Demezon	roztwór do wstrzykiwań	8 mg/ml	1 amp. 2,5 ml	stosowane w ramach chemioterapii w całym zakresie zarejestrowanych wskazań i przeznaczeń oraz we wskazaniu określonym stanem klinicznym	bezpłatny	0
120	Dexamethasoni phosphas	05907464420700	Dexamethasone phosphate SF	roztwór do wstrzykiwań	4 mg/ml	5 amp. 1 ml	stosowane w ramach chemioterapii w całym zakresie zarejestrowanych wskazań i przeznaczeń oraz we wskazaniu określonym stanem klinicznym	bezpłatny	0
123	Docetaxelum	05909990850280	Docetaxel - Ebewe	koncentrat do sporządzania roztworu do infuzji	10 mg/ml	1 fiol.po 16 ml	stosowane w ramach chemioterapii w całym zakresie zarejestrowanych wskazań i przeznaczeń oraz we wskazaniu określonym stanem klinicznym	bezpłatny	0
121	Docetaxelum	05909990777006	Docetaxel - Ebewe	koncentrat do sporządzania roztworu do infuzji	10 mg/ml	1 fiol.po 2 ml	stosowane w ramach chemioterapii w całym zakresie zarejestrowanych wskazań i przeznaczeń oraz we wskazaniu określonym stanem klinicznym	bezpłatny	0
122	Docetaxelum	05909990777020	Docetaxel - Ebewe	koncentrat do sporządzania roztworu do infuzji	10 mg/ml	1 fiol.po 8 ml	stosowane w ramach chemioterapii w całym zakresie zarejestrowanych wskazań i przeznaczeń oraz we wskazaniu określonym stanem klinicznym	bezpłatny	0
124	Docetaxelum	05909990994557	Docetaxel Accord	koncentrat do sporządzania roztworu do infuzji	20 mg/ml	1 fiol.po 1 ml	stosowane w ramach chemioterapii w całym zakresie zarejestrowanych wskazań i przeznaczeń oraz we wskazaniu określonym stanem klinicznym	bezpłatny	0
125	Docetaxelum	05909990994564	Docetaxel Accord	koncentrat do sporządzania roztworu do infuzji	20 mg/ml	1 fiol.po 4 ml	stosowane w ramach chemioterapii w całym zakresie zarejestrowanych wskazań i przeznaczeń oraz we wskazaniu określonym stanem klinicznym	bezpłatny	0
126	Docetaxelum	05909990994601	Docetaxel Accord	koncentrat do sporządzania roztworu do infuzji	20 mg/ml	1 fiol.po 8 ml	stosowane w ramach chemioterapii w całym zakresie zarejestrowanych wskazań i przeznaczeń oraz we wskazaniu określonym stanem klinicznym	bezpłatny	0
127	Doxorubicini hydrochloridum	05909990429011	Doxorubicin - Ebewe	koncentrat do sporządzania roztworu do infuzji	10 mg	1 fiol.po 5 ml	stosowane w ramach chemioterapii w całym zakresie zarejestrowanych wskazań i przeznaczeń oraz we wskazaniu określonym stanem klinicznym	bezpłatny	0
128	Doxorubicini hydrochloridum	05909990614837	Doxorubicin - Ebewe	koncentrat do sporządzania roztworu do infuzji	100 mg	1 fiol.po 50 ml	stosowane w ramach chemioterapii w całym zakresie zarejestrowanych wskazań i przeznaczeń oraz we wskazaniu określonym stanem klinicznym	bezpłatny	0
129	Doxorubicini hydrochloridum	05909990614844	Doxorubicin - Ebewe	koncentrat do sporządzania roztworu do infuzji	200 mg	1 fiol.po 100 ml	stosowane w ramach chemioterapii w całym zakresie zarejestrowanych wskazań i przeznaczeń oraz we wskazaniu określonym stanem klinicznym	bezpłatny	0
130	Doxorubicini hydrochloridum	05909990429028	Doxorubicin - Ebewe	koncentrat do sporządzania roztworu do infuzji	50 mg	1 fiol.po 25 ml	stosowane w ramach chemioterapii w całym zakresie zarejestrowanych wskazań i przeznaczeń oraz we wskazaniu określonym stanem klinicznym	bezpłatny	0
132	Doxorubicinum	05909990471027	Adriblastina PFS	roztwór do wstrzykiwań	2 mg/ml	1 fiol.po 25 ml	stosowane w ramach chemioterapii w całym zakresie zarejestrowanych wskazań i przeznaczeń oraz we wskazaniu określonym stanem klinicznym	bezpłatny	0
131	Doxorubicinum	05909990471010	Adriblastina PFS	roztwór do wstrzykiwań	2 mg/ml	1 fiol.po 5 ml	stosowane w ramach chemioterapii w całym zakresie zarejestrowanych wskazań i przeznaczeń oraz we wskazaniu określonym stanem klinicznym	bezpłatny	0
133	Doxorubicinum	05909990983018	Caelyx / Caelyx pegylated liposomal	koncentrat do sporządzania roztworu do infuzji	2 mg/ml	1 fiol.po 10 ml	stosowane w ramach chemioterapii w całym zakresie zarejestrowanych wskazań i przeznaczeń oraz we wskazaniu określonym stanem klinicznym	bezpłatny	0
134	Doxorubicinum	05909990851393	Doxorubicinum Accord	koncentrat do sporządzania roztworu do infuzji	2 mg/ml	1 fiol. a 25 ml	stosowane w ramach chemioterapii w całym zakresie zarejestrowanych wskazań i przeznaczeń oraz we wskazaniu określonym stanem klinicznym	bezpłatny	0
136	Doxorubicinum	05909990851409	Doxorubicinum Accord	koncentrat do sporządzania roztworu do infuzji	2 mg/ml	1 fiol.po 100 ml	stosowane w ramach chemioterapii w całym zakresie zarejestrowanych wskazań i przeznaczeń oraz we wskazaniu określonym stanem klinicznym	bezpłatny	0
135	Doxorubicinum	05909990851386	Doxorubicinum Accord	koncentrat do sporządzania roztworu do infuzji	2 mg/ml	1 fiol.po 5 ml	stosowane w ramach chemioterapii w całym zakresie zarejestrowanych wskazań i przeznaczeń oraz we wskazaniu określonym stanem klinicznym	bezpłatny	0
137	Doxorubicinum	05909991141882	Doxorubicinum Accord	koncentrat do sporządzania roztworu do infuzji	2 mg/ml	1 fiol.po 50 ml	stosowane w ramach chemioterapii w całym zakresie zarejestrowanych wskazań i przeznaczeń oraz we wskazaniu określonym stanem klinicznym	bezpłatny	0
138	Doxorubicinum	05909990213559	Myocet / Myocet liposomal	proszek, dyspersja i rozpuszczalnik do koncentratu do sporządzania dyspersji do infuzji	50 mg	2 zest. po 3 fiol. (1 proszek + 1 liposomy + 1 bufor)	stosowane w ramach chemioterapii w całym zakresie zarejestrowanych wskazań i przeznaczeń oraz we wskazaniu określonym stanem klinicznym	bezpłatny	0
139	Epirubicini hydrochloridum	05909991104313	Epirubicin - Ebewe	koncentrat do sporządzania roztworu do infuzji	10 mg	1 fiol.po 5 ml	stosowane w ramach chemioterapii w całym zakresie zarejestrowanych wskazań i przeznaczeń oraz we wskazaniu określonym stanem klinicznym	bezpłatny	0
140	Epirubicini hydrochloridum	05909991104337	Epirubicin - Ebewe	koncentrat do sporządzania roztworu do infuzji	100 mg	1 fiol.po 50 ml	stosowane w ramach chemioterapii w całym zakresie zarejestrowanych wskazań i przeznaczeń oraz we wskazaniu określonym stanem klinicznym	bezpłatny	0
141	Epirubicini hydrochloridum	05909991104344	Epirubicin - Ebewe	koncentrat do sporządzania roztworu do infuzji	200 mg	1 fiol.po 100 ml	stosowane w ramach chemioterapii w całym zakresie zarejestrowanych wskazań i przeznaczeń oraz we wskazaniu określonym stanem klinicznym	bezpłatny	0
142	Epirubicini hydrochloridum	05909991104320	Epirubicin - Ebewe	koncentrat do sporządzania roztworu do infuzji	50 mg	1 fiol.po 25 ml	stosowane w ramach chemioterapii w całym zakresie zarejestrowanych wskazań i przeznaczeń oraz we wskazaniu określonym stanem klinicznym	bezpłatny	0
143	Epirubicini hydrochloridum	05909991029869	Epirubicin Accord	roztwór do wstrzykiwań lub infuzji	2 mg/ml	1 fiol.po 50 ml	stosowane w ramach chemioterapii w całym zakresie zarejestrowanych wskazań i przeznaczeń oraz we wskazaniu określonym stanem klinicznym	bezpłatny	0
144	Epirubicini hydrochloridum	05909990752515	Farmorubicin PFS	roztwór do wstrzykiwań i infuzji	2 mg/ml	1 fiol.po 25 ml	stosowane w ramach chemioterapii w całym zakresie zarejestrowanych wskazań i przeznaczeń oraz we wskazaniu określonym stanem klinicznym	bezpłatny	0
145	Epoetinum alfa	05909990072477	Binocrit	roztwór do wstrzykiwań	5000 j.m./0,5 ml	6 amp.-strz.po 0,5 ml	stosowane w ramach chemioterapii w całym zakresie zarejestrowanych wskazań i przeznaczeń oraz we wskazaniu określonym stanem klinicznym	bezpłatny	0
146	Epoetinum beta	05909990007134	NeoRecormon	roztwór do wstrzykiwań	30000 j.m.	1 amp.-strz.	stosowane w ramach chemioterapii w całym zakresie zarejestrowanych wskazań i przeznaczeń oraz we wskazaniu określonym stanem klinicznym	bezpłatny	0
147	Erlotinibi hydrochloridum	03838989722128	Erlotinib Krka	tabletki powlekane	100 mg	30 szt.	stosowane w ramach chemioterapii w całym zakresie zarejestrowanych wskazań i przeznaczeń oraz we wskazaniu określonym stanem klinicznym	bezpłatny	0
148	Erlotinibi hydrochloridum	03838989722135	Erlotinib Krka	tabletki powlekane	150 mg	30 szt.	stosowane w ramach chemioterapii w całym zakresie zarejestrowanych wskazań i przeznaczeń oraz we wskazaniu określonym stanem klinicznym	bezpłatny	0
149	Erlotinibum	05909991417680	Erlotinib Zentiva	tabletki powlekane	100 mg	30 szt.	stosowane w ramach chemioterapii w całym zakresie zarejestrowanych wskazań i przeznaczeń oraz we wskazaniu określonym stanem klinicznym	bezpłatny	0
150	Erlotinibum	05909991417697	Erlotinib Zentiva	tabletki powlekane	150 mg	30 szt.	stosowane w ramach chemioterapii w całym zakresie zarejestrowanych wskazań i przeznaczeń oraz we wskazaniu określonym stanem klinicznym	bezpłatny	0
151	Erlotinibum	05909991417673	Erlotinib Zentiva	tabletki powlekane	25 mg	30 szt.	stosowane w ramach chemioterapii w całym zakresie zarejestrowanych wskazań i przeznaczeń oraz we wskazaniu określonym stanem klinicznym	bezpłatny	0
152	Erlotinibum	05909990334278	Tarceva	tabletki powlekane	100 mg	30 szt.	stosowane w ramach chemioterapii w całym zakresie zarejestrowanych wskazań i przeznaczeń oraz we wskazaniu określonym stanem klinicznym	bezpłatny	0
153	Erlotinibum	05909990334285	Tarceva	tabletki powlekane	150 mg	30 szt.	stosowane w ramach chemioterapii w całym zakresie zarejestrowanych wskazań i przeznaczeń oraz we wskazaniu określonym stanem klinicznym	bezpłatny	0
154	Erlotinibum	05909990334261	Tarceva	tabletki powlekane	25 mg	30 szt.	stosowane w ramach chemioterapii w całym zakresie zarejestrowanych wskazań i przeznaczeń oraz we wskazaniu określonym stanem klinicznym	bezpłatny	0
155	Etoposidum	05909990776115	Etoposid - Ebewe	koncentrat do sporządzania roztworu do infuzji	100 mg	1 fiol.po 5 ml	stosowane w ramach chemioterapii w całym zakresie zarejestrowanych wskazań i przeznaczeń oraz we wskazaniu określonym stanem klinicznym	bezpłatny	0
156	Etoposidum	05909990776214	Etoposid - Ebewe	koncentrat do sporządzania roztworu do infuzji	200 mg	1 fiol.po 10 ml	stosowane w ramach chemioterapii w całym zakresie zarejestrowanych wskazań i przeznaczeń oraz we wskazaniu określonym stanem klinicznym	bezpłatny	0
157	Etoposidum	05909990776313	Etoposid - Ebewe	koncentrat do sporządzania roztworu do infuzji	400 mg	1 fiol.po 20 ml	stosowane w ramach chemioterapii w całym zakresie zarejestrowanych wskazań i przeznaczeń oraz we wskazaniu określonym stanem klinicznym	bezpłatny	0
158	Etoposidum	05909990776016	Etoposid - Ebewe	koncentrat do sporządzania roztworu do infuzji	50 mg	1 fiol.po 2,5 ml	stosowane w ramach chemioterapii w całym zakresie zarejestrowanych wskazań i przeznaczeń oraz we wskazaniu określonym stanem klinicznym	bezpłatny	0
160	Etoposidum	05909991233297	Etopozyd Accord	koncentrat do sporządzania roztworu do infuzji	20 mg/ml	1 fiol.po 10 ml	stosowane w ramach chemioterapii w całym zakresie zarejestrowanych wskazań i przeznaczeń oraz we wskazaniu określonym stanem klinicznym	bezpłatny	0
161	Etoposidum	05909991233303	Etopozyd Accord	koncentrat do sporządzania roztworu do infuzji	20 mg/ml	1 fiol.po 20 ml	stosowane w ramach chemioterapii w całym zakresie zarejestrowanych wskazań i przeznaczeń oraz we wskazaniu określonym stanem klinicznym	bezpłatny	0
159	Etoposidum	05909991198121	Etopozyd Accord	koncentrat do sporządzania roztworu do infuzji	20 mg/ml	1 fiol.po 5 ml	stosowane w ramach chemioterapii w całym zakresie zarejestrowanych wskazań i przeznaczeń oraz we wskazaniu określonym stanem klinicznym	bezpłatny	0
163	Filgrastimum	05055565713846	Accofil	roztwór do wstrzykiwań lub infuzji	30 mln j./0,5 ml	1 amp.-strz.	stosowane w ramach chemioterapii w całym zakresie zarejestrowanych wskazań i przeznaczeń oraz we wskazaniu określonym stanem klinicznym	bezpłatny	0
164	Filgrastimum	05055565713860	Accofil	roztwór do wstrzykiwań lub infuzji	30 mln j./0,5 ml	5 amp.-strz.	stosowane w ramach chemioterapii w całym zakresie zarejestrowanych wskazań i przeznaczeń oraz we wskazaniu określonym stanem klinicznym	bezpłatny	0
162	Filgrastimum	05055565726068	Accofil	roztwór do wstrzykiwań lub infuzji	30 mln j./0,5 ml	7 amp.-strz.	stosowane w ramach chemioterapii w całym zakresie zarejestrowanych wskazań i przeznaczeń oraz we wskazaniu określonym stanem klinicznym	bezpłatny	0
165	Filgrastimum	05055565713853	Accofil	roztwór do wstrzykiwań lub infuzji	48 mln j./0,5 ml	1 amp.-strz.	stosowane w ramach chemioterapii w całym zakresie zarejestrowanych wskazań i przeznaczeń oraz we wskazaniu określonym stanem klinicznym	bezpłatny	0
166	Filgrastimum	05055565713877	Accofil	roztwór do wstrzykiwań lub infuzji	48 mln j./0,5 ml	5 amp.-strz.	stosowane w ramach chemioterapii w całym zakresie zarejestrowanych wskazań i przeznaczeń oraz we wskazaniu określonym stanem klinicznym	bezpłatny	0
167	Filgrastimum	05055565726075	Accofil	roztwór do wstrzykiwań lub infuzji	48 mln j./0,5 ml	7 amp.-strz.	stosowane w ramach chemioterapii w całym zakresie zarejestrowanych wskazań i przeznaczeń oraz we wskazaniu określonym stanem klinicznym	bezpłatny	0
168	Filgrastimum	05909991102500	Grastofil	roztwór do wstrzykiwań lub infuzji	30 mln j./0,5 ml	1 amp.-strz.	stosowane w ramach chemioterapii w całym zakresie zarejestrowanych wskazań i przeznaczeń oraz we wskazaniu określonym stanem klinicznym	bezpłatny	0
169	Filgrastimum	05909991102531	Grastofil	roztwór do wstrzykiwań lub infuzji	30 mln j./0,5 ml	5 amp.-strz.	stosowane w ramach chemioterapii w całym zakresie zarejestrowanych wskazań i przeznaczeń oraz we wskazaniu określonym stanem klinicznym	bezpłatny	0
170	Filgrastimum	05909991102548	Grastofil	roztwór do wstrzykiwań lub infuzji	48 mln j./0,5 ml	1 amp.-strz.	stosowane w ramach chemioterapii w całym zakresie zarejestrowanych wskazań i przeznaczeń oraz we wskazaniu określonym stanem klinicznym	bezpłatny	0
171	Filgrastimum	05909991102555	Grastofil	roztwór do wstrzykiwań lub infuzji	48 mln j./0,5 ml	5 amp.-strz.	stosowane w ramach chemioterapii w całym zakresie zarejestrowanych wskazań i przeznaczeń oraz we wskazaniu określonym stanem klinicznym	bezpłatny	0
172	Filgrastimum	05909990312214	Neupogen	roztwór do wstrzykiwań	300 μg/ml	5 fiol.po 1 ml	stosowane w ramach chemioterapii w całym zakresie zarejestrowanych wskazań i przeznaczeń oraz we wskazaniu określonym stanem klinicznym	bezpłatny	0
173	Filgrastimum	05909990830510	Neupogen	roztwór do wstrzykiwań	600 μg/ml	1 amp.-strz.po 0,5 ml	stosowane w ramach chemioterapii w całym zakresie zarejestrowanych wskazań i przeznaczeń oraz we wskazaniu określonym stanem klinicznym	bezpłatny	0
174	Filgrastimum	05909990830619	Neupogen	roztwór do wstrzykiwań	960 μg/ml	1 amp.-strz.po 0,5 ml	stosowane w ramach chemioterapii w całym zakresie zarejestrowanych wskazań i przeznaczeń oraz we wskazaniu określonym stanem klinicznym	bezpłatny	0
175	Filgrastimum	05909990904747	Nivestim	roztwór do wstrzykiwań lub infuzji	12 mln j./0,2 ml	5 amp.-strz.po 0,2 ml	stosowane w ramach chemioterapii w całym zakresie zarejestrowanych wskazań i przeznaczeń oraz we wskazaniu określonym stanem klinicznym	bezpłatny	0
176	Filgrastimum	05909990904778	Nivestim	roztwór do wstrzykiwań lub infuzji	30 mln j.m./0,5 ml	5 amp.-strz.po 0,5 ml	stosowane w ramach chemioterapii w całym zakresie zarejestrowanych wskazań i przeznaczeń oraz we wskazaniu określonym stanem klinicznym	bezpłatny	0
177	Filgrastimum	05909990904808	Nivestim	roztwór do wstrzykiwań lub infuzji	48 mln j.m./0,5 ml	5 amp.-strz.po 0,5 ml	stosowane w ramach chemioterapii w całym zakresie zarejestrowanych wskazań i przeznaczeń oraz we wskazaniu określonym stanem klinicznym	bezpłatny	0
178	Filgrastimum	05909990687763	Zarzio	roztwór do wstrzykiwań lub infuzji	30 mln j/0,5 ml	1 amp.-strz.po 0,5 ml	stosowane w ramach chemioterapii w całym zakresie zarejestrowanych wskazań i przeznaczeń oraz we wskazaniu określonym stanem klinicznym	bezpłatny	0
179	Filgrastimum	05909990687787	Zarzio	roztwór do wstrzykiwań lub infuzji	30 mln j./0,5 ml	5 amp.-strz.	stosowane w ramach chemioterapii w całym zakresie zarejestrowanych wskazań i przeznaczeń oraz we wskazaniu określonym stanem klinicznym	bezpłatny	0
181	Filgrastimum	05909990687800	Zarzio	roztwór do wstrzykiwań lub infuzji	48 mln j/0,5 ml	1 amp.-strz.po 0,5 ml	stosowane w ramach chemioterapii w całym zakresie zarejestrowanych wskazań i przeznaczeń oraz we wskazaniu określonym stanem klinicznym	bezpłatny	0
180	Filgrastimum	05909990687848	Zarzio	roztwór do wstrzykiwań lub infuzji	48 mln j./0,5 ml	5 amp.-strz.	stosowane w ramach chemioterapii w całym zakresie zarejestrowanych wskazań i przeznaczeń oraz we wskazaniu określonym stanem klinicznym	bezpłatny	0
182	Fludarabini phosphas	05909991183325	Fludara Oral	tabletki powlekane	10 mg	20 szt. (4 blist.po 5 szt.)	stosowane w ramach chemioterapii w całym zakresie zarejestrowanych wskazań i przeznaczeń oraz we wskazaniu określonym stanem klinicznym	bezpłatny	0
183	Fluorouracilum	05909990450633	5 Fluorouracil - Ebewe	roztwór do wstrzykiwań i infuzji	1000 mg	1 fiol.po 20 ml	stosowane w ramach chemioterapii w całym zakresie zarejestrowanych wskazań i przeznaczeń oraz we wskazaniu określonym stanem klinicznym	bezpłatny	0
184	Fluorouracilum	05909990336258	5 Fluorouracil - Ebewe	roztwór do wstrzykiwań i infuzji	50 mg/ml	1 fiol.po 100 ml	stosowane w ramach chemioterapii w całym zakresie zarejestrowanych wskazań i przeznaczeń oraz we wskazaniu określonym stanem klinicznym	bezpłatny	0
185	Fluorouracilum	05909990477913	Fluorouracil 1000 medac	roztwór do wstrzykiwań	50 mg/ml	1 fiol.po 20 ml	stosowane w ramach chemioterapii w całym zakresie zarejestrowanych wskazań i przeznaczeń oraz we wskazaniu określonym stanem klinicznym	bezpłatny	0
186	Fluorouracilum	05909990477814	Fluorouracil 500 medac	roztwór do wstrzykiwań	50 mg/ml	1 fiol.po 10 ml	stosowane w ramach chemioterapii w całym zakresie zarejestrowanych wskazań i przeznaczeń oraz we wskazaniu określonym stanem klinicznym	bezpłatny	0
187	Fluorouracilum	05909990478019	Fluorouracil 5000 medac	roztwór do wstrzykiwań	50 mg/ml	1 fiol.po 100 ml	stosowane w ramach chemioterapii w całym zakresie zarejestrowanych wskazań i przeznaczeń oraz we wskazaniu określonym stanem klinicznym	bezpłatny	0
188	Fluorouracilum	05909990774784	Fluorouracil Accord	roztwór do wstrzykiwań lub infuzji	50 mg/ml	1 fiol. a 10 ml	stosowane w ramach chemioterapii w całym zakresie zarejestrowanych wskazań i przeznaczeń oraz we wskazaniu określonym stanem klinicznym	bezpłatny	0
190	Fluorouracilum	05909990774807	Fluorouracil Accord	roztwór do wstrzykiwań lub infuzji	50 mg/ml	1 fiol. a 100 ml	stosowane w ramach chemioterapii w całym zakresie zarejestrowanych wskazań i przeznaczeń oraz we wskazaniu określonym stanem klinicznym	bezpłatny	0
189	Fluorouracilum	05909990774791	Fluorouracil Accord	roztwór do wstrzykiwań lub infuzji	50 mg/ml	1 fiol. a 20 ml	stosowane w ramach chemioterapii w całym zakresie zarejestrowanych wskazań i przeznaczeń oraz we wskazaniu określonym stanem klinicznym	bezpłatny	0
191	Fulvestrantum	05909990768875	Faslodex	roztwór do wstrzykiwań	250 mg/5 ml	2 amp.-strz.po 5 ml + 2 igły z syst.osł.	stosowane w ramach chemioterapii w całym zakresie zarejestrowanych wskazań i przeznaczeń oraz we wskazaniu określonym stanem klinicznym	bezpłatny	0
192	Fulvestrantum	05909991317331	Fulvestrant Teva	roztwór do wstrzykiwań	250 mg/5 ml	2 amp.-strz.po 5 ml + 2 igły	stosowane w ramach chemioterapii w całym zakresie zarejestrowanych wskazań i przeznaczeń oraz we wskazaniu określonym stanem klinicznym	bezpłatny	0
193	Gefitynibum	05909991400781	Gefitinib Accord	tabletki powlekane	250 mg	30 szt.	stosowane w ramach chemioterapii w całym zakresie zarejestrowanych wskazań i przeznaczeń oraz we wskazaniu określonym stanem klinicznym	bezpłatny	0
194	Gefitynibum	05350586001683	Gefitinib Alvogen	tabletki powlekane	250 mg	30 szt.	stosowane w ramach chemioterapii w całym zakresie zarejestrowanych wskazań i przeznaczeń oraz we wskazaniu określonym stanem klinicznym	bezpłatny	0
195	Gefitynibum	05909991385651	Gefitinib Genoptim	tabletki powlekane	250 mg	30 szt.	stosowane w ramach chemioterapii w całym zakresie zarejestrowanych wskazań i przeznaczeń oraz we wskazaniu określonym stanem klinicznym	bezpłatny	0
196	Gefitynibum	05902020241676	Gefitinib Glenmark	tabletki powlekane	250 mg	30 szt.	stosowane w ramach chemioterapii w całym zakresie zarejestrowanych wskazań i przeznaczeń oraz we wskazaniu określonym stanem klinicznym	bezpłatny	0
197	Gefitynibum	03837000183290	Gefitinib Krka	tabletki powlekane	250 mg	30 szt.	stosowane w ramach chemioterapii w całym zakresie zarejestrowanych wskazań i przeznaczeń oraz we wskazaniu określonym stanem klinicznym	bezpłatny	0
198	Gefitynibum	05901797710439	Gefitinib Mylan	tabletki powlekane	250 mg	30 szt.	stosowane w ramach chemioterapii w całym zakresie zarejestrowanych wskazań i przeznaczeń oraz we wskazaniu określonym stanem klinicznym	bezpłatny	0
199	Gefitynibum	07613421021696	Gefitinib Sandoz	tabletki powlekane	250 mg	30 szt.	stosowane w ramach chemioterapii w całym zakresie zarejestrowanych wskazań i przeznaczeń oraz we wskazaniu określonym stanem klinicznym	bezpłatny	0
200	Gefitynibum	05909990717231	Iressa	tabletki powlekane	250 mg	30 szt.	stosowane w ramach chemioterapii w całym zakresie zarejestrowanych wskazań i przeznaczeń oraz we wskazaniu określonym stanem klinicznym	bezpłatny	0
202	Gemcitabinum	05909990976089	Gemcitabinum Accord	koncentrat do sporządzania roztworu do infuzji	100 mg/ml	1 fiol.po 10 ml	stosowane w ramach chemioterapii w całym zakresie zarejestrowanych wskazań i przeznaczeń oraz we wskazaniu określonym stanem klinicznym	bezpłatny	0
201	Gemcitabinum	05909990976096	Gemcitabinum Accord	koncentrat do sporządzania roztworu do infuzji	100 mg/ml	1 fiol.po 15 ml	stosowane w ramach chemioterapii w całym zakresie zarejestrowanych wskazań i przeznaczeń oraz we wskazaniu określonym stanem klinicznym	bezpłatny	0
203	Gemcitabinum	05909990976072	Gemcitabinum Accord	koncentrat do sporządzania roztworu do infuzji	100 mg/ml	1 fiol.po 2 ml	stosowane w ramach chemioterapii w całym zakresie zarejestrowanych wskazań i przeznaczeń oraz we wskazaniu określonym stanem klinicznym	bezpłatny	0
204	Gemcitabinum	05909990976102	Gemcitabinum Accord	koncentrat do sporządzania roztworu do infuzji	100 mg/ml	1 fiol.po 20 ml	stosowane w ramach chemioterapii w całym zakresie zarejestrowanych wskazań i przeznaczeń oraz we wskazaniu określonym stanem klinicznym	bezpłatny	0
205	Gemcitabinum	05909990871032	Gemsol	koncentrat do sporządzania roztworu do infuzji	1000 mg	1 fiol.po 25 ml	stosowane w ramach chemioterapii w całym zakresie zarejestrowanych wskazań i przeznaczeń oraz we wskazaniu określonym stanem klinicznym	bezpłatny	0
206	Gemcitabinum	05909990870998	Gemsol	koncentrat do sporządzania roztworu do infuzji	200 mg	1 fiol.po 5 ml	stosowane w ramach chemioterapii w całym zakresie zarejestrowanych wskazań i przeznaczeń oraz we wskazaniu określonym stanem klinicznym	bezpłatny	0
207	Gemcitabinum	05909990871049	Gemsol	koncentrat do sporządzania roztworu do infuzji	2000 mg	1 fiol.po 50 ml	stosowane w ramach chemioterapii w całym zakresie zarejestrowanych wskazań i przeznaczeń oraz we wskazaniu określonym stanem klinicznym	bezpłatny	0
208	Hydroxycarbamidum	05909990836758	Hydroxycarbamid Teva	kapsułki	500 mg	100 szt. (1 but.po 250 ml)	stosowane w ramach chemioterapii w całym zakresie zarejestrowanych wskazań i przeznaczeń oraz we wskazaniu określonym stanem klinicznym	bezpłatny	0
209	Hydroxycarbamidum	05909990944927	Hydroxyurea medac	kapsułki twarde	500 mg	100 szt.	stosowane w ramach chemioterapii w całym zakresie zarejestrowanych wskazań i przeznaczeń oraz we wskazaniu określonym stanem klinicznym	bezpłatny	0
210	Idarubicini hydrochloridum	05909990236213	Zavedos	proszek do sporządzenia roztworu do wstrzykiwań	10 mg	1 fiol.po 10 ml	stosowane w ramach chemioterapii w całym zakresie zarejestrowanych wskazań i przeznaczeń oraz we wskazaniu określonym stanem klinicznym	bezpłatny	0
211	Idarubicini hydrochloridum	05909990236114	Zavedos	proszek do sporządzenia roztworu do wstrzykiwań	5 mg	1 fiol.po 5 ml	stosowane w ramach chemioterapii w całym zakresie zarejestrowanych wskazań i przeznaczeń oraz we wskazaniu określonym stanem klinicznym	bezpłatny	0
212	Ifosfamidum	05909990241118	Holoxan	proszek do sporządzenia roztworu do wstrzykiwań	1 g	1 fiol.	stosowane w ramach chemioterapii w całym zakresie zarejestrowanych wskazań i przeznaczeń oraz we wskazaniu określonym stanem klinicznym	bezpłatny	0
213	Ifosfamidum	05909990241217	Holoxan	proszek do sporządzenia roztworu do wstrzykiwań	2 g	1 fiol.	stosowane w ramach chemioterapii w całym zakresie zarejestrowanych wskazań i przeznaczeń oraz we wskazaniu określonym stanem klinicznym	bezpłatny	0
214	Imatinibum	05055565726983	Imatinib Accord	tabletki powlekane	100 mg	60 szt.	stosowane w ramach chemioterapii w całym zakresie zarejestrowanych wskazań i przeznaczeń oraz we wskazaniu określonym stanem klinicznym	bezpłatny	0
215	Imatinibum	05055565726990	Imatinib Accord	tabletki powlekane	400 mg	30 szt.	stosowane w ramach chemioterapii w całym zakresie zarejestrowanych wskazań i przeznaczeń oraz we wskazaniu określonym stanem klinicznym	bezpłatny	0
216	Imatinibum	05909991353261	Imatinib Aurovitas	tabletki powlekane	100 mg	60 szt.	stosowane w ramach chemioterapii w całym zakresie zarejestrowanych wskazań i przeznaczeń oraz we wskazaniu określonym stanem klinicznym	bezpłatny	0
218	Imatinibum	05909991353353	Imatinib Aurovitas	tabletki powlekane	400 mg	30 szt.	stosowane w ramach chemioterapii w całym zakresie zarejestrowanych wskazań i przeznaczeń oraz we wskazaniu określonym stanem klinicznym	bezpłatny	0
217	Imatinibum	05909991353384	Imatinib Aurovitas	tabletki powlekane	400 mg	90 szt.	stosowane w ramach chemioterapii w całym zakresie zarejestrowanych wskazań i przeznaczeń oraz we wskazaniu określonym stanem klinicznym	bezpłatny	0
219	Imatinibum	05909991053895	Meaxin	tabletki powlekane	100 mg	60 szt.	stosowane w ramach chemioterapii w całym zakresie zarejestrowanych wskazań i przeznaczeń oraz we wskazaniu określonym stanem klinicznym	bezpłatny	0
220	Imatinibum	05909991053963	Meaxin	tabletki powlekane	400 mg	30 szt.	stosowane w ramach chemioterapii w całym zakresie zarejestrowanych wskazań i przeznaczeń oraz we wskazaniu określonym stanem klinicznym	bezpłatny	0
221	Imatinibum	05909991051181	Nibix	kapsułki twarde	100 mg	60 szt.	stosowane w ramach chemioterapii w całym zakresie zarejestrowanych wskazań i przeznaczeń oraz we wskazaniu określonym stanem klinicznym	bezpłatny	0
222	Imatinibum	05909991051259	Nibix	kapsułki twarde	400 mg	30 szt.	stosowane w ramach chemioterapii w całym zakresie zarejestrowanych wskazań i przeznaczeń oraz we wskazaniu określonym stanem klinicznym	bezpłatny	0
223	Irinotecani hydrochloridum trihydricum	05909990645060	Campto	koncentrat do sporządzania roztworu do infuzji	20 mg/ml	1 fiol.po 15 ml	stosowane w ramach chemioterapii w całym zakresie zarejestrowanych wskazań i przeznaczeń oraz we wskazaniu określonym stanem klinicznym	bezpłatny	0
224	Irinotecani hydrochloridum trihydricum	05909990645176	Campto	koncentrat do sporządzania roztworu do infuzji	20 mg/ml	1 fiol.po 2 ml	stosowane w ramach chemioterapii w całym zakresie zarejestrowanych wskazań i przeznaczeń oraz we wskazaniu określonym stanem klinicznym	bezpłatny	0
225	Irinotecani hydrochloridum trihydricum	05909990645183	Campto	koncentrat do sporządzania roztworu do infuzji	20 mg/ml	1 fiol.po 5 ml	stosowane w ramach chemioterapii w całym zakresie zarejestrowanych wskazań i przeznaczeń oraz we wskazaniu określonym stanem klinicznym	bezpłatny	0
228	Irinotecani hydrochloridum trihydricum	05055565731345	Irinotecan Accord	koncentrat do sporządzania roztworu do infuzji	20 mg/ml	1 fiol.po 15 ml	stosowane w ramach chemioterapii w całym zakresie zarejestrowanych wskazań i przeznaczeń oraz we wskazaniu określonym stanem klinicznym	bezpłatny	0
226	Irinotecani hydrochloridum trihydricum	05055565731321	Irinotecan Accord	koncentrat do sporządzania roztworu do infuzji	20 mg/ml	1 fiol.po 2 ml	stosowane w ramach chemioterapii w całym zakresie zarejestrowanych wskazań i przeznaczeń oraz we wskazaniu określonym stanem klinicznym	bezpłatny	0
229	Irinotecani hydrochloridum trihydricum	05055565731352	Irinotecan Accord	koncentrat do sporządzania roztworu do infuzji	20 mg/ml	1 fiol.po 25 ml	stosowane w ramach chemioterapii w całym zakresie zarejestrowanych wskazań i przeznaczeń oraz we wskazaniu określonym stanem klinicznym	bezpłatny	0
227	Irinotecani hydrochloridum trihydricum	05055565731338	Irinotecan Accord	koncentrat do sporządzania roztworu do infuzji	20 mg/ml	1 fiol.po 5 ml	stosowane w ramach chemioterapii w całym zakresie zarejestrowanych wskazań i przeznaczeń oraz we wskazaniu określonym stanem klinicznym	bezpłatny	0
230	Irinotecani hydrochloridum trihydricum	05909990796946	Irinotecan Kabi	koncentrat do sporządzania roztworu do infuzji	20 mg/ml	1 fiol.po 15 ml	stosowane w ramach chemioterapii w całym zakresie zarejestrowanych wskazań i przeznaczeń oraz we wskazaniu określonym stanem klinicznym	bezpłatny	0
233	Irinotecani hydrochloridum trihydricum	05909990726943	Irinotecan Kabi	koncentrat do sporządzania roztworu do infuzji	20 mg/ml	1 fiol.po 2 ml	stosowane w ramach chemioterapii w całym zakresie zarejestrowanych wskazań i przeznaczeń oraz we wskazaniu określonym stanem klinicznym	bezpłatny	0
231	Irinotecani hydrochloridum trihydricum	05909990796953	Irinotecan Kabi	koncentrat do sporządzania roztworu do infuzji	20 mg/ml	1 fiol.po 25 ml	stosowane w ramach chemioterapii w całym zakresie zarejestrowanych wskazań i przeznaczeń oraz we wskazaniu określonym stanem klinicznym	bezpłatny	0
232	Irinotecani hydrochloridum trihydricum	05909990726950	Irinotecan Kabi	koncentrat do sporządzania roztworu do infuzji	20 mg/ml	1 fiol.po 5 ml	stosowane w ramach chemioterapii w całym zakresie zarejestrowanych wskazań i przeznaczeń oraz we wskazaniu określonym stanem klinicznym	bezpłatny	0
234	Lanreotidum	05909991094614	Somatuline Autogel	roztwór do wstrzykiwań	120 mg	1 amp.-strz.po 0,5 ml	stosowane w ramach chemioterapii w całym zakresie zarejestrowanych wskazań i przeznaczeń oraz we wskazaniu określonym stanem klinicznym	bezpłatny	0
235	Lanreotidum	05909991094416	Somatuline Autogel	roztwór do wstrzykiwań	60 mg	1 amp.-strz.po 0,5 ml	stosowane w ramach chemioterapii w całym zakresie zarejestrowanych wskazań i przeznaczeń oraz we wskazaniu określonym stanem klinicznym	bezpłatny	0
236	Lanreotidum	05909991094515	Somatuline Autogel	roztwór do wstrzykiwań	90 mg	1 amp.-strz.po 0,5 ml	stosowane w ramach chemioterapii w całym zakresie zarejestrowanych wskazań i przeznaczeń oraz we wskazaniu określonym stanem klinicznym	bezpłatny	0
237	Melphalanum	05909990283514	Alkeran	tabletki powlekane	2 mg	25 szt.	stosowane w ramach chemioterapii w całym zakresie zarejestrowanych wskazań i przeznaczeń oraz we wskazaniu określonym stanem klinicznym	bezpłatny	0
238	Mercaptopurinum	05909990186112	Mercaptopurinum VIS	tabletki	50 mg	30 szt.	stosowane w ramach chemioterapii w całym zakresie zarejestrowanych wskazań i przeznaczeń oraz we wskazaniu określonym stanem klinicznym	bezpłatny	0
240	Mesnum	05909991392086	Uromitexan	roztwór do wstrzykiwań	100 mg/ml	15 amp. po 4 ml	stosowane w ramach chemioterapii w całym zakresie zarejestrowanych wskazań i przeznaczeń oraz we wskazaniu określonym stanem klinicznym	bezpłatny	0
239	Mesnum	05909990265831	Uromitexan	roztwór do wstrzykiwań	100 mg/ml	15 amp.po 4 ml	stosowane w ramach chemioterapii w całym zakresie zarejestrowanych wskazań i przeznaczeń oraz we wskazaniu określonym stanem klinicznym	bezpłatny	0
242	Methotrexatum	05909990453924	Methotrexat - Ebewe	tabletki	10 mg	50 szt.	stosowane w ramach chemioterapii w całym zakresie zarejestrowanych wskazań i przeznaczeń oraz we wskazaniu określonym stanem klinicznym	bezpłatny	0
241	Methotrexatum	05909990333936	Methotrexat - Ebewe	koncentrat do sporządzania roztworu do infuzji	100 mg/ml	1 fiol.po 50 ml	stosowane w ramach chemioterapii w całym zakresie zarejestrowanych wskazań i przeznaczeń oraz we wskazaniu określonym stanem klinicznym	bezpłatny	0
243	Methotrexatum	05909991333447	Metotreksat Accord	koncentrat do sporządzania roztworu do infuzji	100 mg/ml	1 fiol.po 50 ml	stosowane w ramach chemioterapii w całym zakresie zarejestrowanych wskazań i przeznaczeń oraz we wskazaniu określonym stanem klinicznym	bezpłatny	0
244	Mitotanum	05909990335237	Lysodren	tabletki	500 mg	100 tabl.	stosowane w ramach chemioterapii w całym zakresie zarejestrowanych wskazań i przeznaczeń oraz we wskazaniu określonym stanem klinicznym	bezpłatny	0
245	Nelarabinum	05909990056736	Atriance	roztwór do infuzji	5 mg/ml	6 fiol.a 50 ml	stosowane w ramach chemioterapii w całym zakresie zarejestrowanych wskazań i przeznaczeń oraz we wskazaniu określonym stanem klinicznym	bezpłatny	0
246	Netupitantum + Palonosetroni hydrochloridum	05909991246563	Akynzeo	kapsułki twarde	300+0,5 mg	1 szt.	stosowane w ramach chemioterapii w całym zakresie zarejestrowanych wskazań i przeznaczeń oraz we wskazaniu określonym stanem klinicznym	bezpłatny	0
247	Octreotidum	05909991416461	Okteva	proszek i rozpuszczalnik do sporządzania roztworu do wstrzykiwań o przedłużonym uwalnianiu	10 mg	1 fiol. proszku + 1 amp.-strzyk. rozp.	stosowane w ramach chemioterapii w całym zakresie zarejestrowanych wskazań i przeznaczeń oraz we wskazaniu określonym stanem klinicznym	bezpłatny	0
248	Octreotidum	05909991416485	Okteva	proszek i rozpuszczalnik do sporządzania roztworu do wstrzykiwań o przedłużonym uwalnianiu	20 mg	1 fiol. proszku + 1 amp.-strzyk. rozp.	stosowane w ramach chemioterapii w całym zakresie zarejestrowanych wskazań i przeznaczeń oraz we wskazaniu określonym stanem klinicznym	bezpłatny	0
249	Octreotidum	05909991416508	Okteva	proszek i rozpuszczalnik do sporządzania roztworu do wstrzykiwań o przedłużonym uwalnianiu	30 mg	1 fiol. proszku + 1 amp.-strzyk. rozp.	stosowane w ramach chemioterapii w całym zakresie zarejestrowanych wskazań i przeznaczeń oraz we wskazaniu określonym stanem klinicznym	bezpłatny	0
250	Octreotidum	05909990042913	Sandostatin	roztwór do wstrzykiwań	100 μg/ml	5 amp.po 1 ml	stosowane w ramach chemioterapii w całym zakresie zarejestrowanych wskazań i przeznaczeń oraz we wskazaniu określonym stanem klinicznym	bezpłatny	0
251	Octreotidum	05909990042715	Sandostatin	roztwór do wstrzykiwań	50 μg/ml	5 amp.po 1 ml	stosowane w ramach chemioterapii w całym zakresie zarejestrowanych wskazań i przeznaczeń oraz we wskazaniu określonym stanem klinicznym	bezpłatny	0
252	Octreotidum	05909990459711	Sandostatin LAR	proszek i rozpuszczalnik do sporządzania zawiesiny do wstrzykiwań	10 mg	1 fiol. + 1 amp.-strz. z rozp. 2 ml	stosowane w ramach chemioterapii w całym zakresie zarejestrowanych wskazań i przeznaczeń oraz we wskazaniu określonym stanem klinicznym	bezpłatny	0
253	Octreotidum	05909990459612	Sandostatin LAR	proszek i rozpuszczalnik do sporządzania zawiesiny do wstrzykiwań	20 mg	1 fiol. + 1 amp.-strz. z rozp. 2 ml	stosowane w ramach chemioterapii w całym zakresie zarejestrowanych wskazań i przeznaczeń oraz we wskazaniu określonym stanem klinicznym	bezpłatny	0
254	Octreotidum	05909990459513	Sandostatin LAR	proszek i rozpuszczalnik do sporządzania zawiesiny do wstrzykiwań	30 mg	1 fiol. + 1 amp.-strz. z rozp. 2 ml	stosowane w ramach chemioterapii w całym zakresie zarejestrowanych wskazań i przeznaczeń oraz we wskazaniu określonym stanem klinicznym	bezpłatny	0
255	Ondansetronum	05909990744510	Atossa	tabletki powlekane	8 mg	10 szt.	stosowane w ramach chemioterapii w całym zakresie zarejestrowanych wskazań i przeznaczeń oraz we wskazaniu określonym stanem klinicznym	bezpłatny	0
256	Ondansetronum	05909990822225	Ondansetron Accord	roztwór do wstrzykiwań lub infuzji	2 mg/ml	5 amp. po 2 ml	stosowane w ramach chemioterapii w całym zakresie zarejestrowanych wskazań i przeznaczeń oraz we wskazaniu określonym stanem klinicznym	bezpłatny	0
257	Ondansetronum	05909990822249	Ondansetron Accord	roztwór do wstrzykiwań lub infuzji	2 mg/ml	5 amp. po 4 ml	stosowane w ramach chemioterapii w całym zakresie zarejestrowanych wskazań i przeznaczeń oraz we wskazaniu określonym stanem klinicznym	bezpłatny	0
258	Ondansetronum	05909990055197	Ondansetron Kabi	roztwór do wstrzykiwań	2 mg/ml	5 amp.po 2 ml	stosowane w ramach chemioterapii w całym zakresie zarejestrowanych wskazań i przeznaczeń oraz we wskazaniu określonym stanem klinicznym	bezpłatny	0
259	Ondansetronum	05909990055234	Ondansetron Kabi	roztwór do wstrzykiwań	2 mg/ml	5 amp.po 4 ml	stosowane w ramach chemioterapii w całym zakresie zarejestrowanych wskazań i przeznaczeń oraz we wskazaniu określonym stanem klinicznym	bezpłatny	0
260	Ondansetronum	05909990994717	Setronon	tabletki powlekane	8 mg	10 szt. (1 blist.po 10 szt.)	stosowane w ramach chemioterapii w całym zakresie zarejestrowanych wskazań i przeznaczeń oraz we wskazaniu określonym stanem klinicznym	bezpłatny	0
261	Ondansetronum	05909990002016	Zofran	roztwór do wstrzykiwań	2 mg/ml	5 amp.po 2 ml	stosowane w ramach chemioterapii w całym zakresie zarejestrowanych wskazań i przeznaczeń oraz we wskazaniu określonym stanem klinicznym	bezpłatny	0
262	Ondansetronum	05909990002023	Zofran	roztwór do wstrzykiwań	2 mg/ml	5 amp.po 4 ml	stosowane w ramach chemioterapii w całym zakresie zarejestrowanych wskazań i przeznaczeń oraz we wskazaniu określonym stanem klinicznym	bezpłatny	0
264	Ondansetronum	05909990001811	Zofran	tabletki powlekane	4 mg	10 szt. (2 blist.po 5 szt.)	stosowane w ramach chemioterapii w całym zakresie zarejestrowanych wskazań i przeznaczeń oraz we wskazaniu określonym stanem klinicznym	bezpłatny	0
263	Ondansetronum	05909990810611	Zofran	syrop	4 mg/5ml	50 ml	stosowane w ramach chemioterapii w całym zakresie zarejestrowanych wskazań i przeznaczeń oraz we wskazaniu określonym stanem klinicznym	bezpłatny	0
265	Ondansetronum	05909990001910	Zofran	tabletki powlekane	8 mg	10 szt. (2 blist.po 5 szt.)	stosowane w ramach chemioterapii w całym zakresie zarejestrowanych wskazań i przeznaczeń oraz we wskazaniu określonym stanem klinicznym	bezpłatny	0
267	Oxaliplatinum	05909990798247	Oxaliplatin Kabi	koncentrat do sporządzania roztworu do infuzji	5 mg/ml	1 fiol.po 10 ml	stosowane w ramach chemioterapii w całym zakresie zarejestrowanych wskazań i przeznaczeń oraz we wskazaniu określonym stanem klinicznym	bezpłatny	0
268	Oxaliplatinum	05909990798254	Oxaliplatin Kabi	koncentrat do sporządzania roztworu do infuzji	5 mg/ml	1 fiol.po 20 ml	stosowane w ramach chemioterapii w całym zakresie zarejestrowanych wskazań i przeznaczeń oraz we wskazaniu określonym stanem klinicznym	bezpłatny	0
266	Oxaliplatinum	05909990827381	Oxaliplatin Kabi	koncentrat do sporządzania roztworu do infuzji	5 mg/ml	1 fiol.po 40 ml	stosowane w ramach chemioterapii w całym zakresie zarejestrowanych wskazań i przeznaczeń oraz we wskazaniu określonym stanem klinicznym	bezpłatny	0
269	Oxaliplatinum	05909990796151	Oxaliplatinum Accord	koncentrat do sporządzania roztworu do infuzji	5 mg/ml	1 fiol. a 10 ml	stosowane w ramach chemioterapii w całym zakresie zarejestrowanych wskazań i przeznaczeń oraz we wskazaniu określonym stanem klinicznym	bezpłatny	0
270	Oxaliplatinum	05909990796168	Oxaliplatinum Accord	koncentrat do sporządzania roztworu do infuzji	5 mg/ml	1 fiol. a 20 ml	stosowane w ramach chemioterapii w całym zakresie zarejestrowanych wskazań i przeznaczeń oraz we wskazaniu określonym stanem klinicznym	bezpłatny	0
271	Oxaliplatinum	05909990827206	Oxaliplatinum Accord	koncentrat do sporządzania roztworu do infuzji	5 mg/ml	1 fiol. a 40 ml	stosowane w ramach chemioterapii w całym zakresie zarejestrowanych wskazań i przeznaczeń oraz we wskazaniu określonym stanem klinicznym	bezpłatny	0
276	Paclitaxelum	05909990874446	Paclitaxel Kabi	koncentrat do sporządzania roztworu do infuzji	6 mg/ml	1 fiol.po 100 ml	stosowane w ramach chemioterapii w całym zakresie zarejestrowanych wskazań i przeznaczeń oraz we wskazaniu określonym stanem klinicznym	bezpłatny	0
273	Paclitaxelum	05909990874361	Paclitaxel Kabi	koncentrat do sporządzania roztworu do infuzji	6 mg/ml	1 fiol.po 16,7 ml	stosowane w ramach chemioterapii w całym zakresie zarejestrowanych wskazań i przeznaczeń oraz we wskazaniu określonym stanem klinicznym	bezpłatny	0
274	Paclitaxelum	05909990874385	Paclitaxel Kabi	koncentrat do sporządzania roztworu do infuzji	6 mg/ml	1 fiol.po 25 ml	stosowane w ramach chemioterapii w całym zakresie zarejestrowanych wskazań i przeznaczeń oraz we wskazaniu określonym stanem klinicznym	bezpłatny	0
272	Paclitaxelum	05909990874347	Paclitaxel Kabi	koncentrat do sporządzania roztworu do infuzji	6 mg/ml	1 fiol.po 5 ml	stosowane w ramach chemioterapii w całym zakresie zarejestrowanych wskazań i przeznaczeń oraz we wskazaniu określonym stanem klinicznym	bezpłatny	0
275	Paclitaxelum	05909990874408	Paclitaxel Kabi	koncentrat do sporządzania roztworu do infuzji	6 mg/ml	1 fiol.po 50 ml	stosowane w ramach chemioterapii w całym zakresie zarejestrowanych wskazań i przeznaczeń oraz we wskazaniu określonym stanem klinicznym	bezpłatny	0
277	Paclitaxelum	05909990018390	Paclitaxel-Ebewe	koncentrat do sporządzania roztworu do infuzji	100 mg	1 fiol.po 16,7 ml	stosowane w ramach chemioterapii w całym zakresie zarejestrowanych wskazań i przeznaczeń oraz we wskazaniu określonym stanem klinicznym	bezpłatny	0
278	Paclitaxelum	05909990018406	Paclitaxel-Ebewe	koncentrat do sporządzania roztworu do infuzji	150 mg	1 fiol.po 25 ml	stosowane w ramach chemioterapii w całym zakresie zarejestrowanych wskazań i przeznaczeń oraz we wskazaniu określonym stanem klinicznym	bezpłatny	0
279	Paclitaxelum	05909990018383	Paclitaxel-Ebewe	koncentrat do sporządzania roztworu do infuzji	30 mg	1 fiol.po 5 ml	stosowane w ramach chemioterapii w całym zakresie zarejestrowanych wskazań i przeznaczeń oraz we wskazaniu określonym stanem klinicznym	bezpłatny	0
280	Paclitaxelum	05909990018420	Paclitaxel-Ebewe	koncentrat do sporządzania roztworu do infuzji	300 mg	1 fiol.po 50 ml	stosowane w ramach chemioterapii w całym zakresie zarejestrowanych wskazań i przeznaczeń oraz we wskazaniu określonym stanem klinicznym	bezpłatny	0
282	Paclitaxelum	05909990840274	Paclitaxelum Accord	koncentrat do sporządzania roztworu do infuzji	6 mg/ml	1 fiol. a 16,7 ml	stosowane w ramach chemioterapii w całym zakresie zarejestrowanych wskazań i przeznaczeń oraz we wskazaniu określonym stanem klinicznym	bezpłatny	0
281	Paclitaxelum	05909990840267	Paclitaxelum Accord	koncentrat do sporządzania roztworu do infuzji	6 mg/ml	1 fiol. a 5 ml	stosowane w ramach chemioterapii w całym zakresie zarejestrowanych wskazań i przeznaczeń oraz we wskazaniu określonym stanem klinicznym	bezpłatny	0
283	Paclitaxelum	05909990840281	Paclitaxelum Accord	koncentrat do sporządzania roztworu do infuzji	6 mg/ml	1 fiol. a 50 ml	stosowane w ramach chemioterapii w całym zakresie zarejestrowanych wskazań i przeznaczeń oraz we wskazaniu określonym stanem klinicznym	bezpłatny	0
285	Paclitaxelum	05909991037093	Paclitaxelum Accord	koncentrat do sporządzania roztworu do infuzji	6 mg/ml	1 fiol.po 100 ml	stosowane w ramach chemioterapii w całym zakresie zarejestrowanych wskazań i przeznaczeń oraz we wskazaniu określonym stanem klinicznym	bezpłatny	0
284	Paclitaxelum	05909991037086	Paclitaxelum Accord	koncentrat do sporządzania roztworu do infuzji	6 mg/ml	1 fiol.po 25 ml	stosowane w ramach chemioterapii w całym zakresie zarejestrowanych wskazań i przeznaczeń oraz we wskazaniu określonym stanem klinicznym	bezpłatny	0
286	Pegaspargasum	00642621070989	Oncaspar	proszek do sporządzania roztworu do wstrzykiwań/ do infuzji	750 j.m./ml	1 fiol. proszku	stosowane w ramach chemioterapii w całym zakresie zarejestrowanych wskazań i przeznaczeń oraz we wskazaniu określonym stanem klinicznym	bezpłatny	0
287	Pegfilgrastimum	04260582610011	Grasustek	roztwór do wstrzykiwań	6 mg/0,6 ml	1 amp.-strzyk.	stosowane w ramach chemioterapii w całym zakresie zarejestrowanych wskazań i przeznaczeń oraz we wskazaniu określonym stanem klinicznym	bezpłatny	0
288	Pegfilgrastimum	05909990007523	Neulasta	roztwór do wstrzykiwań	6 mg/0,6 ml	1 amp.-strz.po 0,6 ml (z zab.igły)	stosowane w ramach chemioterapii w całym zakresie zarejestrowanych wskazań i przeznaczeń oraz we wskazaniu określonym stanem klinicznym	bezpłatny	0
289	Pegfilgrastimum	05055565748640	Pelgraz	roztwór do wstrzykiwań w ampułko-strzykawce	6 mg/0,6 ml	1 amp.-strzyk.	stosowane w ramach chemioterapii w całym zakresie zarejestrowanych wskazań i przeznaczeń oraz we wskazaniu określonym stanem klinicznym	bezpłatny	0
290	Pegfilgrastimum	05909991390471	Pelmeg	roztwór do wstrzykiwań	6 mg/0,6 ml	1 amp.-strzyk.	stosowane w ramach chemioterapii w całym zakresie zarejestrowanych wskazań i przeznaczeń oraz we wskazaniu określonym stanem klinicznym	bezpłatny	0
291	Pegfilgrastimum	05907626708905	Ziextenzo	roztwór do wstrzykiwań w ampułko-strzykawce	6 mg/0,6 ml	1 amp.-strzyk.	stosowane w ramach chemioterapii w całym zakresie zarejestrowanych wskazań i przeznaczeń oraz we wskazaniu określonym stanem klinicznym	bezpłatny	0
292	Peginterferonum alfa-2a	05909990984718	Pegasys	roztwór do wstrzykiwań	270 μg/ml	1 amp.-strz.po  0,5 ml	stosowane w ramach chemioterapii w całym zakresie zarejestrowanych wskazań i przeznaczeń oraz we wskazaniu określonym stanem klinicznym	bezpłatny	0
293	Peginterferonum alfa-2a	05909990984817	Pegasys	roztwór do wstrzykiwań	360 μg/ml	1 amp.-strz.po  0,5 ml	stosowane w ramach chemioterapii w całym zakresie zarejestrowanych wskazań i przeznaczeń oraz we wskazaniu określonym stanem klinicznym	bezpłatny	0
294	Peginterferonum alfa-2a	05902768001013	Pegasys	roztwór do wstrzykiwań	90 µg/0,5 ml	1 amp.-strz.po 0,5 ml (+igła)	stosowane w ramach chemioterapii w całym zakresie zarejestrowanych wskazań i przeznaczeń oraz we wskazaniu określonym stanem klinicznym	bezpłatny	0
295	Pemetreksedum	05909991289362	Pemetreksed SUN	proszek do sporządzania koncentratu roztworu do infuzji	100 mg	1 fiol. proszku	stosowane w ramach chemioterapii w całym zakresie zarejestrowanych wskazań i przeznaczeń oraz we wskazaniu określonym stanem klinicznym	bezpłatny	0
296	Pemetreksedum	05909991289379	Pemetreksed SUN	proszek do sporządzania koncentratu roztworu do infuzji	500 mg	1 fiol. proszku	stosowane w ramach chemioterapii w całym zakresie zarejestrowanych wskazań i przeznaczeń oraz we wskazaniu określonym stanem klinicznym	bezpłatny	0
297	Pemetreksedum	05055565724613	Pemetrexed Accord	proszek do sporządzania koncentratu roztworu do infuzji	100 mg	1 fiol.	stosowane w ramach chemioterapii w całym zakresie zarejestrowanych wskazań i przeznaczeń oraz we wskazaniu określonym stanem klinicznym	bezpłatny	0
298	Pemetreksedum	05055565724736	Pemetrexed Accord	proszek do sporządzania koncentratu roztworu do infuzji	1000 mg	1 fiol.	stosowane w ramach chemioterapii w całym zakresie zarejestrowanych wskazań i przeznaczeń oraz we wskazaniu określonym stanem klinicznym	bezpłatny	0
299	Pemetreksedum	05055565724620	Pemetrexed Accord	proszek do sporządzania koncentratu roztworu do infuzji	500 mg	1 fiol.	stosowane w ramach chemioterapii w całym zakresie zarejestrowanych wskazań i przeznaczeń oraz we wskazaniu określonym stanem klinicznym	bezpłatny	0
300	Pemetreksedum	05909991289393	Pemetrexed Fresenius Kabi	proszek do sporządzania koncentratu roztworu do infuzji	100 mg	1 fiol.	stosowane w ramach chemioterapii w całym zakresie zarejestrowanych wskazań i przeznaczeń oraz we wskazaniu określonym stanem klinicznym	bezpłatny	0
301	Pemetreksedum	05909991289409	Pemetrexed Fresenius Kabi	proszek do sporządzania koncentratu roztworu do infuzji	500 mg	1 fiol.	stosowane w ramach chemioterapii w całym zakresie zarejestrowanych wskazań i przeznaczeń oraz we wskazaniu określonym stanem klinicznym	bezpłatny	0
302	Pemetreksedum	05907626706079	Pemetrexed Sandoz	proszek do sporządzania koncentratu roztworu do infuzji	100 mg	1 fiol.po 10 ml	stosowane w ramach chemioterapii w całym zakresie zarejestrowanych wskazań i przeznaczeń oraz we wskazaniu określonym stanem klinicznym	bezpłatny	0
303	Pemetreksedum	05907626706086	Pemetrexed Sandoz	proszek do sporządzania koncentratu roztworu do infuzji	500 mg	1 fiol.po 50 ml	stosowane w ramach chemioterapii w całym zakresie zarejestrowanych wskazań i przeznaczeń oraz we wskazaniu określonym stanem klinicznym	bezpłatny	0
304	Plerixaforum	05909990728473	Mozobil	roztwór do wstrzykiwań	20 mg/ml	1 fiol.po 1,2 ml	stosowane w ramach chemioterapii w całym zakresie zarejestrowanych wskazań i przeznaczeń oraz we wskazaniu określonym stanem klinicznym	bezpłatny	0
305	Posaconazolum	05909990335244	Noxafil	zawiesina doustna	40 mg/ml	105 ml	stosowane w ramach chemioterapii w całym zakresie zarejestrowanych wskazań i przeznaczeń oraz we wskazaniu określonym stanem klinicznym	bezpłatny	0
306	Posaconazolum	05055565754351	Posaconazole AHCL	zawiesina doustna	40 mg/ml	105 ml	stosowane w ramach chemioterapii w całym zakresie zarejestrowanych wskazań i przeznaczeń oraz we wskazaniu określonym stanem klinicznym	bezpłatny	0
307	Posaconazolum	08595112678152	Posaconazole Glenmark	zawiesina doustna	40 mg/ml	105 ml	stosowane w ramach chemioterapii w całym zakresie zarejestrowanych wskazań i przeznaczeń oraz we wskazaniu określonym stanem klinicznym	bezpłatny	0
308	Posaconazolum	05901797710743	Posaconazole Mylan	zawiesina doustna	40 mg/ml	105 ml	stosowane w ramach chemioterapii w całym zakresie zarejestrowanych wskazań i przeznaczeń oraz we wskazaniu określonym stanem klinicznym	bezpłatny	0
309	Posaconazolum	07613421033408	Posaconazole Sandoz	zawiesina doustna	40 mg/ml	105 ml	stosowane w ramach chemioterapii w całym zakresie zarejestrowanych wskazań i przeznaczeń oraz we wskazaniu określonym stanem klinicznym	bezpłatny	0
310	Posaconazolum	05909991368562	Posaconazole Stada	zawiesina doustna	40 mg/ml	105 ml	stosowane w ramach chemioterapii w całym zakresie zarejestrowanych wskazań i przeznaczeń oraz we wskazaniu określonym stanem klinicznym	bezpłatny	0
311	Posaconazolum	05909991422059	Posaconazole Teva	zawiesina doustna	40 mg/ml	105 ml	stosowane w ramach chemioterapii w całym zakresie zarejestrowanych wskazań i przeznaczeń oraz we wskazaniu określonym stanem klinicznym	bezpłatny	0
312	Rasburicasum	05909990943111	Fasturtec	proszek i rozpuszczalnik do przygotowania koncentratu do sporządzania roztworu do infuzji 	1,5 mg/ml	3 fiol.po 1,5 mg (+ 3 amp. rozp.)	stosowane w ramach chemioterapii w całym zakresie zarejestrowanych wskazań i przeznaczeń oraz we wskazaniu określonym stanem klinicznym	bezpłatny	0
313	Rituximabum	05996537003155	Blitzima	koncentrat do sporządzania roztworu do infuzji	100 mg	2 fiol.po 10 ml	stosowane w ramach chemioterapii w całym zakresie zarejestrowanych wskazań i przeznaczeń oraz we wskazaniu określonym stanem klinicznym	bezpłatny	0
314	Rituximabum	05996537002158	Blitzima	koncentrat do sporządzania roztworu do infuzji	500 mg	1 fiol.po 50 ml	stosowane w ramach chemioterapii w całym zakresie zarejestrowanych wskazań i przeznaczeń oraz we wskazaniu określonym stanem klinicznym	bezpłatny	0
315	Rituximabum	05909990418817	MabThera	koncentrat do sporządzania roztworu do infuzji	100 mg	2 fiol.po 10 ml	stosowane w ramach chemioterapii w całym zakresie zarejestrowanych wskazań i przeznaczeń oraz we wskazaniu określonym stanem klinicznym	bezpłatny	0
316	Rituximabum	05909990418824	MabThera	koncentrat do sporządzania roztworu do infuzji	500 mg	1 fiol.po 50 ml	stosowane w ramach chemioterapii w całym zakresie zarejestrowanych wskazań i przeznaczeń oraz we wskazaniu określonym stanem klinicznym	bezpłatny	0
317	Rituximabum	07613421032975	Riximyo	koncentrat do sporządzania roztworu do infuzji	100 mg	2 fiol.po 10 ml	stosowane w ramach chemioterapii w całym zakresie zarejestrowanych wskazań i przeznaczeń oraz we wskazaniu określonym stanem klinicznym	bezpłatny	0
318	Rituximabum	07613421032982	Riximyo	koncentrat do sporządzania roztworu do infuzji	500 mg	1 fiol.po 50 ml	stosowane w ramach chemioterapii w całym zakresie zarejestrowanych wskazań i przeznaczeń oraz we wskazaniu określonym stanem klinicznym	bezpłatny	0
319	Tamoxifenum	05909990127412	Nolvadex D	tabletki powlekane	20 mg	30 szt.	stosowane w ramach chemioterapii w całym zakresie zarejestrowanych wskazań i przeznaczeń oraz we wskazaniu określonym stanem klinicznym	bezpłatny	0
320	Tamoxifenum	05909990775316	Tamoxifen-EGIS	tabletki	20 mg	30 szt. (3 blist.po 10 szt.)	stosowane w ramach chemioterapii w całym zakresie zarejestrowanych wskazań i przeznaczeń oraz we wskazaniu określonym stanem klinicznym	bezpłatny	0
321	Temozolomidum	05909990672172	Temodal	kapsułki twarde	100 mg	5 szt.	stosowane w ramach chemioterapii w całym zakresie zarejestrowanych wskazań i przeznaczeń oraz we wskazaniu określonym stanem klinicznym	bezpłatny	0
322	Temozolomidum	05909990672219	Temodal	kapsułki twarde	140 mg	5 szt.	stosowane w ramach chemioterapii w całym zakresie zarejestrowanych wskazań i przeznaczeń oraz we wskazaniu określonym stanem klinicznym	bezpłatny	0
323	Temozolomidum	05909990672233	Temodal	kapsułki twarde	180 mg	5 szt.	stosowane w ramach chemioterapii w całym zakresie zarejestrowanych wskazań i przeznaczeń oraz we wskazaniu określonym stanem klinicznym	bezpłatny	0
324	Temozolomidum	05909990672158	Temodal	kapsułki twarde	20 mg	5 szt.	stosowane w ramach chemioterapii w całym zakresie zarejestrowanych wskazań i przeznaczeń oraz we wskazaniu określonym stanem klinicznym	bezpłatny	0
325	Temozolomidum	05909990672196	Temodal	kapsułki twarde	250 mg	5 szt.	stosowane w ramach chemioterapii w całym zakresie zarejestrowanych wskazań i przeznaczeń oraz we wskazaniu określonym stanem klinicznym	bezpłatny	0
326	Temozolomidum	05909990716999	Temodal	kapsułki twarde	5 mg	5 szt.	stosowane w ramach chemioterapii w całym zakresie zarejestrowanych wskazań i przeznaczeń oraz we wskazaniu określonym stanem klinicznym	bezpłatny	0
327	Temozolomidum	05055565719350	Temozolomide Accord	kapsułki twarde	100 mg	5 szt. (saszetka)	stosowane w ramach chemioterapii w całym zakresie zarejestrowanych wskazań i przeznaczeń oraz we wskazaniu określonym stanem klinicznym	bezpłatny	0
328	Temozolomidum	05055565719367	Temozolomide Accord	kapsułki twarde	140 mg	5 szt. (saszetka)	stosowane w ramach chemioterapii w całym zakresie zarejestrowanych wskazań i przeznaczeń oraz we wskazaniu określonym stanem klinicznym	bezpłatny	0
329	Temozolomidum	05055565719374	Temozolomide Accord	kapsułki twarde	180 mg	5 szt. (saszetka)	stosowane w ramach chemioterapii w całym zakresie zarejestrowanych wskazań i przeznaczeń oraz we wskazaniu określonym stanem klinicznym	bezpłatny	0
330	Temozolomidum	05055565719343	Temozolomide Accord	kapsułki twarde	20 mg	5 szt. (saszetka)	stosowane w ramach chemioterapii w całym zakresie zarejestrowanych wskazań i przeznaczeń oraz we wskazaniu określonym stanem klinicznym	bezpłatny	0
331	Temozolomidum	05055565719381	Temozolomide Accord	kapsułki twarde	250 mg	5 szt. (saszetka)	stosowane w ramach chemioterapii w całym zakresie zarejestrowanych wskazań i przeznaczeń oraz we wskazaniu określonym stanem klinicznym	bezpłatny	0
332	Temozolomidum	05055565719336	Temozolomide Accord	kapsułki twarde	5 mg	5 szt. (saszetka)	stosowane w ramach chemioterapii w całym zakresie zarejestrowanych wskazań i przeznaczeń oraz we wskazaniu określonym stanem klinicznym	bezpłatny	0
333	Temozolomidum	05909991288006	Temozolomide Sun	kapsułki twarde	100 mg	5 kaps.	stosowane w ramach chemioterapii w całym zakresie zarejestrowanych wskazań i przeznaczeń oraz we wskazaniu określonym stanem klinicznym	bezpłatny	0
334	Temozolomidum	05909991288037	Temozolomide Sun	kapsułki twarde	140 mg	5 kaps.	stosowane w ramach chemioterapii w całym zakresie zarejestrowanych wskazań i przeznaczeń oraz we wskazaniu określonym stanem klinicznym	bezpłatny	0
335	Temozolomidum	05909991288068	Temozolomide Sun	kapsułki twarde	180 mg	5 kaps.	stosowane w ramach chemioterapii w całym zakresie zarejestrowanych wskazań i przeznaczeń oraz we wskazaniu określonym stanem klinicznym	bezpłatny	0
336	Temozolomidum	05909991287979	Temozolomide Sun	kapsułki twarde	20 mg	5 kaps.	stosowane w ramach chemioterapii w całym zakresie zarejestrowanych wskazań i przeznaczeń oraz we wskazaniu określonym stanem klinicznym	bezpłatny	0
337	Temozolomidum	05909991288099	Temozolomide Sun	kapsułki twarde	250 mg	5 kaps.	stosowane w ramach chemioterapii w całym zakresie zarejestrowanych wskazań i przeznaczeń oraz we wskazaniu określonym stanem klinicznym	bezpłatny	0
338	Temozolomidum	05909991287948	Temozolomide Sun	kapsułki twarde	5 mg	5 kaps.	stosowane w ramach chemioterapii w całym zakresie zarejestrowanych wskazań i przeznaczeń oraz we wskazaniu określonym stanem klinicznym	bezpłatny	0
339	Tioguaninum	05909990185214	Lanvis	tabletki	40 mg	25 szt.	stosowane w ramach chemioterapii w całym zakresie zarejestrowanych wskazań i przeznaczeń oraz we wskazaniu określonym stanem klinicznym	bezpłatny	0
340	Topotecanum	05909990643134	Hycamtin	kapsułki twarde	0,25 mg	10 kaps.	stosowane w ramach chemioterapii w całym zakresie zarejestrowanych wskazań i przeznaczeń oraz we wskazaniu określonym stanem klinicznym	bezpłatny	0
341	Topotecanum	05909990643141	Hycamtin	kapsułki twarde	1 mg	10 kaps.	stosowane w ramach chemioterapii w całym zakresie zarejestrowanych wskazań i przeznaczeń oraz we wskazaniu określonym stanem klinicznym	bezpłatny	0
342	Topotecanum	05909990924660	Topotecan medac	koncentrat do sporządzania roztworu do infuzji	1 mg/ml	1 fiol.po 1 ml	stosowane w ramach chemioterapii w całym zakresie zarejestrowanych wskazań i przeznaczeń oraz we wskazaniu określonym stanem klinicznym	bezpłatny	0
343	Topotecanum	05909990924677	Topotecan medac	koncentrat do sporządzania roztworu do infuzji	1 mg/ml	1 fiol.po 2 ml	stosowane w ramach chemioterapii w całym zakresie zarejestrowanych wskazań i przeznaczeń oraz we wskazaniu określonym stanem klinicznym	bezpłatny	0
344	Topotecanum	05909990924684	Topotecan medac	koncentrat do sporządzania roztworu do infuzji	1 mg/ml	1 fiol.po 4 ml	stosowane w ramach chemioterapii w całym zakresie zarejestrowanych wskazań i przeznaczeń oraz we wskazaniu określonym stanem klinicznym	bezpłatny	0
346	Topotecanum	05909990984756	Topotecanum Accord	koncentrat do sporządzania roztworu do infuzji	1 mg/ml	1 fiol. a 1 ml	stosowane w ramach chemioterapii w całym zakresie zarejestrowanych wskazań i przeznaczeń oraz we wskazaniu określonym stanem klinicznym	bezpłatny	0
345	Topotecanum	05909990984770	Topotecanum Accord	koncentrat do sporządzania roztworu do infuzji	1 mg/ml	1 fiol. a 4 ml	stosowane w ramach chemioterapii w całym zakresie zarejestrowanych wskazań i przeznaczeń oraz we wskazaniu określonym stanem klinicznym	bezpłatny	0
347	Tretinoinum	05909990668311	Vesanoid	kaps. miękkie	10 mg	100 szt.	stosowane w ramach chemioterapii w całym zakresie zarejestrowanych wskazań i przeznaczeń oraz we wskazaniu określonym stanem klinicznym	bezpłatny	0
348	Vincristini sulfas	05909990669493	Vincristine Teva	roztwór do wstrzykiwań	1 mg/ml	1 fiol.po 1 ml	stosowane w ramach chemioterapii w całym zakresie zarejestrowanych wskazań i przeznaczeń oraz we wskazaniu określonym stanem klinicznym	bezpłatny	0
349	Vincristini sulfas	05909990669523	Vincristine Teva	roztwór do wstrzykiwań	1 mg/ml	1 fiol.po 5 ml	stosowane w ramach chemioterapii w całym zakresie zarejestrowanych wskazań i przeznaczeń oraz we wskazaniu określonym stanem klinicznym	bezpłatny	0
352	Vinorelbinum	05909990173617	Navelbine	koncentrat do sporządzania roztworu do infuzji	10 mg/ml	10 fiol.po 1 ml	stosowane w ramach chemioterapii w całym zakresie zarejestrowanych wskazań i przeznaczeń oraz we wskazaniu określonym stanem klinicznym	bezpłatny	0
353	Vinorelbinum	05909990173624	Navelbine	koncentrat do sporządzania roztworu do infuzji	10 mg/ml	10 fiol.po 5 ml	stosowane w ramach chemioterapii w całym zakresie zarejestrowanych wskazań i przeznaczeń oraz we wskazaniu określonym stanem klinicznym	bezpłatny	0
350	Vinorelbinum	05909990945016	Navelbine	kaps. miękkie	20 mg	1 kaps.	stosowane w ramach chemioterapii w całym zakresie zarejestrowanych wskazań i przeznaczeń oraz we wskazaniu określonym stanem klinicznym	bezpłatny	0
351	Vinorelbinum	05909990945115	Navelbine	kaps. miękkie	30 mg	1 kaps.	stosowane w ramach chemioterapii w całym zakresie zarejestrowanych wskazań i przeznaczeń oraz we wskazaniu określonym stanem klinicznym	bezpłatny	0
354	Vinorelbinum	05909990573325	Navirel	koncentrat do sporządzania roztworu do infuzji	10 mg/ml	10 fiol.po 1 ml	stosowane w ramach chemioterapii w całym zakresie zarejestrowanych wskazań i przeznaczeń oraz we wskazaniu określonym stanem klinicznym	bezpłatny	0
355	Vinorelbinum	05909990573349	Navirel	koncentrat do sporządzania roztworu do infuzji	10 mg/ml	10 fiol.po 5 ml	stosowane w ramach chemioterapii w całym zakresie zarejestrowanych wskazań i przeznaczeń oraz we wskazaniu określonym stanem klinicznym	bezpłatny	0
356	Vinorelbinum	05909990668045	Neocitec	koncentrat do sporządzania roztworu do infuzji	10 mg/ml	1 fiol.a 1 ml	stosowane w ramach chemioterapii w całym zakresie zarejestrowanych wskazań i przeznaczeń oraz we wskazaniu określonym stanem klinicznym	bezpłatny	0
357	Vinorelbinum	05909990668052	Neocitec	koncentrat do sporządzania roztworu do infuzji	10 mg/ml	1 fiol.a 5 ml	stosowane w ramach chemioterapii w całym zakresie zarejestrowanych wskazań i przeznaczeń oraz we wskazaniu określonym stanem klinicznym	bezpłatny	0
359	Vinorelbinum	05909991314439	Vinorelbine Accord	koncentrat do sporządzania roztworu do infuzji	10 mg/ml	1 fiol. 1 ml	stosowane w ramach chemioterapii w całym zakresie zarejestrowanych wskazań i przeznaczeń oraz we wskazaniu określonym stanem klinicznym	bezpłatny	0
358	Vinorelbinum	05909991314446	Vinorelbine Accord	koncentrat do sporządzania roztworu do infuzji	10 mg/ml	1 fiol. 5 ml	stosowane w ramach chemioterapii w całym zakresie zarejestrowanych wskazań i przeznaczeń oraz we wskazaniu określonym stanem klinicznym	bezpłatny	0
360	Vinorelbinum	05909991402365	Vinorelbine Alvogen	kaps. miękkie	20 mg	1 kaps.	stosowane w ramach chemioterapii w całym zakresie zarejestrowanych wskazań i przeznaczeń oraz we wskazaniu określonym stanem klinicznym	bezpłatny	0
361	Vinorelbinum	05909991402389	Vinorelbine Alvogen	kaps. miękkie	30 mg	1 kaps.	stosowane w ramach chemioterapii w całym zakresie zarejestrowanych wskazań i przeznaczeń oraz we wskazaniu określonym stanem klinicznym	bezpłatny	0
362	Vinorelbinum	05909991402402	Vinorelbine Alvogen	kaps. miękkie	80 mg	1 kaps.	stosowane w ramach chemioterapii w całym zakresie zarejestrowanych wskazań i przeznaczeń oraz we wskazaniu określonym stanem klinicznym	bezpłatny	0
363	Voriconazolum	05909991063177	Voriconazol Polpharma	tabletki powlekane	200 mg	20 szt.	stosowane w ramach chemioterapii w całym zakresie zarejestrowanych wskazań i przeznaczeń oraz we wskazaniu określonym stanem klinicznym	bezpłatny	0
364	Voriconazolum	05909991095840	Voriconazole Accord	tabletki powlekane	200 mg	20 szt.	stosowane w ramach chemioterapii w całym zakresie zarejestrowanych wskazań i przeznaczeń oraz we wskazaniu określonym stanem klinicznym	bezpłatny	0
365	Voriconazolum	05055565731536	Voriconazole Accord	tabletki powlekane	200 mg	30 szt.	stosowane w ramach chemioterapii w całym zakresie zarejestrowanych wskazań i przeznaczeń oraz we wskazaniu określonym stanem klinicznym	bezpłatny	0
366	Voriconazolum	05909991095741	Voriconazole Accord	tabletki powlekane	50 mg	20 szt.	stosowane w ramach chemioterapii w całym zakresie zarejestrowanych wskazań i przeznaczeń oraz we wskazaniu określonym stanem klinicznym	bezpłatny	0
367	Voriconazolum	05909991191917	Voriconazole Mylan	tabletki powlekane	200 mg	20 szt.	stosowane w ramach chemioterapii w całym zakresie zarejestrowanych wskazań i przeznaczeń oraz we wskazaniu określonym stanem klinicznym	bezpłatny	0